ISO-10303-21;
HEADER;
/* Generated by software containing ST-Developer
 * from STEP Tools, Inc. (www.steptools.com) 
 */

FILE_DESCRIPTION(
/* description */ (''),
/* implementation_level */ '2;1');

FILE_NAME(
/* name */ 'Top Plate.step',
/* time_stamp */ '2026-06-09T19:00:11+02:00',
/* author */ (''),
/* organization */ (''),
/* preprocessor_version */ 'ST-DEVELOPER v20.1',
/* originating_system */ 'Autodesk Translation Framework v15.8.0.0',
/* authorisation */ '');

FILE_SCHEMA (('AUTOMOTIVE_DESIGN { 1 0 10303 214 3 1 1 }'));
ENDSEC;

DATA;
#10=MECHANICAL_DESIGN_GEOMETRIC_PRESENTATION_REPRESENTATION('',(#13),#4469);
#11=SHAPE_REPRESENTATION_RELATIONSHIP('SRR','None',#4476,#12);
#12=ADVANCED_BREP_SHAPE_REPRESENTATION('',(#14),#4468);
#13=STYLED_ITEM('',(#4485),#14);
#14=MANIFOLD_SOLID_BREP('Body1',#2641);
#15=FACE_BOUND('',#271,.T.);
#16=FACE_BOUND('',#272,.T.);
#17=FACE_BOUND('',#273,.T.);
#18=FACE_BOUND('',#274,.T.);
#19=FACE_BOUND('',#275,.T.);
#20=FACE_BOUND('',#276,.T.);
#21=FACE_BOUND('',#277,.T.);
#22=FACE_BOUND('',#278,.T.);
#23=FACE_BOUND('',#279,.T.);
#24=FACE_BOUND('',#280,.T.);
#25=FACE_BOUND('',#281,.T.);
#26=FACE_BOUND('',#282,.T.);
#27=FACE_BOUND('',#283,.T.);
#28=FACE_BOUND('',#284,.T.);
#29=FACE_BOUND('',#285,.T.);
#30=FACE_BOUND('',#286,.T.);
#31=FACE_BOUND('',#287,.T.);
#32=FACE_BOUND('',#289,.T.);
#33=FACE_BOUND('',#290,.T.);
#34=FACE_BOUND('',#291,.T.);
#35=FACE_BOUND('',#292,.T.);
#36=FACE_BOUND('',#293,.T.);
#37=FACE_BOUND('',#294,.T.);
#38=FACE_BOUND('',#295,.T.);
#39=FACE_BOUND('',#296,.T.);
#40=FACE_BOUND('',#297,.T.);
#41=FACE_BOUND('',#298,.T.);
#42=FACE_BOUND('',#299,.T.);
#43=FACE_BOUND('',#300,.T.);
#44=FACE_BOUND('',#301,.T.);
#45=FACE_BOUND('',#302,.T.);
#46=FACE_BOUND('',#303,.T.);
#47=FACE_BOUND('',#304,.T.);
#48=FACE_BOUND('',#305,.T.);
#49=TOROIDAL_SURFACE('',#2672,3.,1.);
#50=TOROIDAL_SURFACE('',#2679,3.,1.);
#51=TOROIDAL_SURFACE('',#2685,3.,1.);
#52=TOROIDAL_SURFACE('',#2691,3.,1.);
#53=PLANE('',#2658);
#54=PLANE('',#2659);
#55=PLANE('',#2665);
#56=PLANE('',#2668);
#57=PLANE('',#2671);
#58=PLANE('',#2696);
#59=PLANE('',#2699);
#60=PLANE('',#2702);
#61=PLANE('',#2755);
#62=PLANE('',#2811);
#63=PLANE('',#2813);
#64=PLANE('',#2815);
#65=PLANE('',#2817);
#66=PLANE('',#2819);
#67=PLANE('',#2821);
#68=PLANE('',#2823);
#69=PLANE('',#2825);
#70=PLANE('',#2827);
#71=PLANE('',#2829);
#72=PLANE('',#2831);
#73=PLANE('',#2833);
#74=PLANE('',#2835);
#75=PLANE('',#2837);
#76=PLANE('',#2839);
#77=PLANE('',#2841);
#78=PLANE('',#2843);
#79=PLANE('',#2845);
#80=PLANE('',#2847);
#81=PLANE('',#2849);
#82=PLANE('',#2851);
#83=PLANE('',#2853);
#84=PLANE('',#2855);
#85=PLANE('',#2857);
#86=PLANE('',#2859);
#87=PLANE('',#2861);
#88=PLANE('',#2863);
#89=PLANE('',#2865);
#90=PLANE('',#2867);
#91=PLANE('',#2871);
#92=PLANE('',#2872);
#93=PLANE('',#2873);
#94=PLANE('',#2874);
#95=PLANE('',#2876);
#96=PLANE('',#2878);
#97=PLANE('',#2880);
#98=PLANE('',#2882);
#99=PLANE('',#2884);
#100=PLANE('',#2886);
#101=PLANE('',#2888);
#102=PLANE('',#2890);
#103=PLANE('',#2892);
#104=PLANE('',#2894);
#105=PLANE('',#2896);
#106=PLANE('',#2899);
#107=PLANE('',#2901);
#108=PLANE('',#2903);
#109=PLANE('',#2905);
#110=PLANE('',#2907);
#111=PLANE('',#2909);
#112=PLANE('',#2911);
#113=PLANE('',#2913);
#114=PLANE('',#2916);
#115=PLANE('',#2917);
#116=PLANE('',#2918);
#117=FACE_OUTER_BOUND('',#249,.T.);
#118=FACE_OUTER_BOUND('',#250,.T.);
#119=FACE_OUTER_BOUND('',#251,.T.);
#120=FACE_OUTER_BOUND('',#252,.T.);
#121=FACE_OUTER_BOUND('',#253,.T.);
#122=FACE_OUTER_BOUND('',#254,.T.);
#123=FACE_OUTER_BOUND('',#255,.T.);
#124=FACE_OUTER_BOUND('',#256,.T.);
#125=FACE_OUTER_BOUND('',#257,.T.);
#126=FACE_OUTER_BOUND('',#258,.T.);
#127=FACE_OUTER_BOUND('',#259,.T.);
#128=FACE_OUTER_BOUND('',#260,.T.);
#129=FACE_OUTER_BOUND('',#261,.T.);
#130=FACE_OUTER_BOUND('',#262,.T.);
#131=FACE_OUTER_BOUND('',#263,.T.);
#132=FACE_OUTER_BOUND('',#264,.T.);
#133=FACE_OUTER_BOUND('',#265,.T.);
#134=FACE_OUTER_BOUND('',#266,.T.);
#135=FACE_OUTER_BOUND('',#267,.T.);
#136=FACE_OUTER_BOUND('',#268,.T.);
#137=FACE_OUTER_BOUND('',#269,.T.);
#138=FACE_OUTER_BOUND('',#270,.T.);
#139=FACE_OUTER_BOUND('',#288,.T.);
#140=FACE_OUTER_BOUND('',#306,.T.);
#141=FACE_OUTER_BOUND('',#307,.T.);
#142=FACE_OUTER_BOUND('',#308,.T.);
#143=FACE_OUTER_BOUND('',#309,.T.);
#144=FACE_OUTER_BOUND('',#310,.T.);
#145=FACE_OUTER_BOUND('',#311,.T.);
#146=FACE_OUTER_BOUND('',#312,.T.);
#147=FACE_OUTER_BOUND('',#313,.T.);
#148=FACE_OUTER_BOUND('',#314,.T.);
#149=FACE_OUTER_BOUND('',#315,.T.);
#150=FACE_OUTER_BOUND('',#316,.T.);
#151=FACE_OUTER_BOUND('',#317,.T.);
#152=FACE_OUTER_BOUND('',#318,.T.);
#153=FACE_OUTER_BOUND('',#319,.T.);
#154=FACE_OUTER_BOUND('',#320,.T.);
#155=FACE_OUTER_BOUND('',#321,.T.);
#156=FACE_OUTER_BOUND('',#322,.T.);
#157=FACE_OUTER_BOUND('',#323,.T.);
#158=FACE_OUTER_BOUND('',#324,.T.);
#159=FACE_OUTER_BOUND('',#325,.T.);
#160=FACE_OUTER_BOUND('',#326,.T.);
#161=FACE_OUTER_BOUND('',#327,.T.);
#162=FACE_OUTER_BOUND('',#328,.T.);
#163=FACE_OUTER_BOUND('',#329,.T.);
#164=FACE_OUTER_BOUND('',#330,.T.);
#165=FACE_OUTER_BOUND('',#331,.T.);
#166=FACE_OUTER_BOUND('',#332,.T.);
#167=FACE_OUTER_BOUND('',#333,.T.);
#168=FACE_OUTER_BOUND('',#334,.T.);
#169=FACE_OUTER_BOUND('',#335,.T.);
#170=FACE_OUTER_BOUND('',#336,.T.);
#171=FACE_OUTER_BOUND('',#337,.T.);
#172=FACE_OUTER_BOUND('',#338,.T.);
#173=FACE_OUTER_BOUND('',#339,.T.);
#174=FACE_OUTER_BOUND('',#340,.T.);
#175=FACE_OUTER_BOUND('',#341,.T.);
#176=FACE_OUTER_BOUND('',#342,.T.);
#177=FACE_OUTER_BOUND('',#343,.T.);
#178=FACE_OUTER_BOUND('',#344,.T.);
#179=FACE_OUTER_BOUND('',#345,.T.);
#180=FACE_OUTER_BOUND('',#346,.T.);
#181=FACE_OUTER_BOUND('',#347,.T.);
#182=FACE_OUTER_BOUND('',#348,.T.);
#183=FACE_OUTER_BOUND('',#349,.T.);
#184=FACE_OUTER_BOUND('',#350,.T.);
#185=FACE_OUTER_BOUND('',#351,.T.);
#186=FACE_OUTER_BOUND('',#352,.T.);
#187=FACE_OUTER_BOUND('',#353,.T.);
#188=FACE_OUTER_BOUND('',#354,.T.);
#189=FACE_OUTER_BOUND('',#355,.T.);
#190=FACE_OUTER_BOUND('',#356,.T.);
#191=FACE_OUTER_BOUND('',#357,.T.);
#192=FACE_OUTER_BOUND('',#358,.T.);
#193=FACE_OUTER_BOUND('',#359,.T.);
#194=FACE_OUTER_BOUND('',#360,.T.);
#195=FACE_OUTER_BOUND('',#361,.T.);
#196=FACE_OUTER_BOUND('',#362,.T.);
#197=FACE_OUTER_BOUND('',#363,.T.);
#198=FACE_OUTER_BOUND('',#364,.T.);
#199=FACE_OUTER_BOUND('',#365,.T.);
#200=FACE_OUTER_BOUND('',#366,.T.);
#201=FACE_OUTER_BOUND('',#367,.T.);
#202=FACE_OUTER_BOUND('',#368,.T.);
#203=FACE_OUTER_BOUND('',#369,.T.);
#204=FACE_OUTER_BOUND('',#370,.T.);
#205=FACE_OUTER_BOUND('',#371,.T.);
#206=FACE_OUTER_BOUND('',#372,.T.);
#207=FACE_OUTER_BOUND('',#373,.T.);
#208=FACE_OUTER_BOUND('',#374,.T.);
#209=FACE_OUTER_BOUND('',#375,.T.);
#210=FACE_OUTER_BOUND('',#376,.T.);
#211=FACE_OUTER_BOUND('',#377,.T.);
#212=FACE_OUTER_BOUND('',#378,.T.);
#213=FACE_OUTER_BOUND('',#379,.T.);
#214=FACE_OUTER_BOUND('',#380,.T.);
#215=FACE_OUTER_BOUND('',#381,.T.);
#216=FACE_OUTER_BOUND('',#382,.T.);
#217=FACE_OUTER_BOUND('',#383,.T.);
#218=FACE_OUTER_BOUND('',#384,.T.);
#219=FACE_OUTER_BOUND('',#385,.T.);
#220=FACE_OUTER_BOUND('',#386,.T.);
#221=FACE_OUTER_BOUND('',#387,.T.);
#222=FACE_OUTER_BOUND('',#388,.T.);
#223=FACE_OUTER_BOUND('',#389,.T.);
#224=FACE_OUTER_BOUND('',#390,.T.);
#225=FACE_OUTER_BOUND('',#391,.T.);
#226=FACE_OUTER_BOUND('',#392,.T.);
#227=FACE_OUTER_BOUND('',#393,.T.);
#228=FACE_OUTER_BOUND('',#394,.T.);
#229=FACE_OUTER_BOUND('',#395,.T.);
#230=FACE_OUTER_BOUND('',#396,.T.);
#231=FACE_OUTER_BOUND('',#397,.T.);
#232=FACE_OUTER_BOUND('',#398,.T.);
#233=FACE_OUTER_BOUND('',#399,.T.);
#234=FACE_OUTER_BOUND('',#400,.T.);
#235=FACE_OUTER_BOUND('',#401,.T.);
#236=FACE_OUTER_BOUND('',#402,.T.);
#237=FACE_OUTER_BOUND('',#403,.T.);
#238=FACE_OUTER_BOUND('',#404,.T.);
#239=FACE_OUTER_BOUND('',#405,.T.);
#240=FACE_OUTER_BOUND('',#406,.T.);
#241=FACE_OUTER_BOUND('',#407,.T.);
#242=FACE_OUTER_BOUND('',#408,.T.);
#243=FACE_OUTER_BOUND('',#409,.T.);
#244=FACE_OUTER_BOUND('',#410,.T.);
#245=FACE_OUTER_BOUND('',#411,.T.);
#246=FACE_OUTER_BOUND('',#412,.T.);
#247=FACE_OUTER_BOUND('',#413,.T.);
#248=FACE_OUTER_BOUND('',#414,.T.);
#249=EDGE_LOOP('',(#1681,#1682,#1683,#1684));
#250=EDGE_LOOP('',(#1685,#1686,#1687,#1688,#1689,#1690,#1691,#1692));
#251=EDGE_LOOP('',(#1693,#1694,#1695,#1696,#1697,#1698,#1699,#1700));
#252=EDGE_LOOP('',(#1701,#1702,#1703,#1704));
#253=EDGE_LOOP('',(#1705,#1706,#1707,#1708));
#254=EDGE_LOOP('',(#1709,#1710,#1711,#1712));
#255=EDGE_LOOP('',(#1713,#1714,#1715,#1716));
#256=EDGE_LOOP('',(#1717,#1718,#1719,#1720));
#257=EDGE_LOOP('',(#1721,#1722,#1723,#1724));
#258=EDGE_LOOP('',(#1725,#1726,#1727,#1728));
#259=EDGE_LOOP('',(#1729,#1730,#1731,#1732));
#260=EDGE_LOOP('',(#1733,#1734,#1735,#1736));
#261=EDGE_LOOP('',(#1737,#1738,#1739,#1740));
#262=EDGE_LOOP('',(#1741,#1742,#1743,#1744));
#263=EDGE_LOOP('',(#1745,#1746,#1747,#1748));
#264=EDGE_LOOP('',(#1749,#1750,#1751,#1752));
#265=EDGE_LOOP('',(#1753,#1754,#1755,#1756));
#266=EDGE_LOOP('',(#1757,#1758,#1759,#1760));
#267=EDGE_LOOP('',(#1761,#1762,#1763,#1764));
#268=EDGE_LOOP('',(#1765,#1766,#1767,#1768));
#269=EDGE_LOOP('',(#1769,#1770,#1771,#1772));
#270=EDGE_LOOP('',(#1773,#1774,#1775,#1776,#1777,#1778,#1779,#1780));
#271=EDGE_LOOP('',(#1781,#1782,#1783,#1784,#1785,#1786,#1787,#1788));
#272=EDGE_LOOP('',(#1789,#1790,#1791,#1792,#1793,#1794,#1795,#1796));
#273=EDGE_LOOP('',(#1797,#1798,#1799,#1800,#1801,#1802,#1803,#1804));
#274=EDGE_LOOP('',(#1805,#1806,#1807,#1808,#1809,#1810,#1811,#1812));
#275=EDGE_LOOP('',(#1813,#1814,#1815,#1816,#1817,#1818,#1819,#1820));
#276=EDGE_LOOP('',(#1821,#1822,#1823,#1824,#1825,#1826,#1827,#1828));
#277=EDGE_LOOP('',(#1829,#1830,#1831,#1832,#1833,#1834,#1835,#1836));
#278=EDGE_LOOP('',(#1837));
#279=EDGE_LOOP('',(#1838));
#280=EDGE_LOOP('',(#1839,#1840,#1841,#1842,#1843,#1844,#1845,#1846,#1847,
#1848,#1849,#1850));
#281=EDGE_LOOP('',(#1851,#1852,#1853,#1854,#1855,#1856,#1857,#1858));
#282=EDGE_LOOP('',(#1859,#1860,#1861,#1862,#1863,#1864,#1865,#1866));
#283=EDGE_LOOP('',(#1867,#1868,#1869,#1870,#1871,#1872,#1873,#1874));
#284=EDGE_LOOP('',(#1875));
#285=EDGE_LOOP('',(#1876,#1877,#1878,#1879,#1880,#1881,#1882,#1883));
#286=EDGE_LOOP('',(#1884,#1885,#1886,#1887,#1888,#1889,#1890,#1891));
#287=EDGE_LOOP('',(#1892));
#288=EDGE_LOOP('',(#1893,#1894,#1895,#1896,#1897,#1898,#1899,#1900));
#289=EDGE_LOOP('',(#1901));
#290=EDGE_LOOP('',(#1902,#1903,#1904,#1905,#1906,#1907,#1908,#1909));
#291=EDGE_LOOP('',(#1910,#1911,#1912,#1913,#1914,#1915,#1916,#1917));
#292=EDGE_LOOP('',(#1918));
#293=EDGE_LOOP('',(#1919,#1920,#1921,#1922,#1923,#1924,#1925,#1926));
#294=EDGE_LOOP('',(#1927,#1928,#1929,#1930,#1931,#1932,#1933,#1934));
#295=EDGE_LOOP('',(#1935,#1936,#1937,#1938,#1939,#1940,#1941,#1942));
#296=EDGE_LOOP('',(#1943,#1944,#1945,#1946));
#297=EDGE_LOOP('',(#1947));
#298=EDGE_LOOP('',(#1948));
#299=EDGE_LOOP('',(#1949,#1950,#1951,#1952,#1953,#1954,#1955,#1956));
#300=EDGE_LOOP('',(#1957,#1958,#1959,#1960,#1961,#1962,#1963,#1964));
#301=EDGE_LOOP('',(#1965,#1966,#1967,#1968,#1969,#1970,#1971,#1972));
#302=EDGE_LOOP('',(#1973,#1974,#1975,#1976,#1977,#1978,#1979,#1980));
#303=EDGE_LOOP('',(#1981,#1982,#1983,#1984,#1985,#1986,#1987,#1988));
#304=EDGE_LOOP('',(#1989,#1990,#1991,#1992,#1993,#1994,#1995,#1996));
#305=EDGE_LOOP('',(#1997,#1998,#1999,#2000,#2001,#2002,#2003,#2004));
#306=EDGE_LOOP('',(#2005,#2006,#2007,#2008));
#307=EDGE_LOOP('',(#2009,#2010,#2011,#2012));
#308=EDGE_LOOP('',(#2013,#2014,#2015,#2016));
#309=EDGE_LOOP('',(#2017,#2018,#2019,#2020));
#310=EDGE_LOOP('',(#2021,#2022,#2023,#2024));
#311=EDGE_LOOP('',(#2025,#2026,#2027,#2028));
#312=EDGE_LOOP('',(#2029,#2030,#2031,#2032));
#313=EDGE_LOOP('',(#2033,#2034,#2035,#2036));
#314=EDGE_LOOP('',(#2037,#2038,#2039,#2040));
#315=EDGE_LOOP('',(#2041,#2042,#2043,#2044));
#316=EDGE_LOOP('',(#2045,#2046,#2047,#2048));
#317=EDGE_LOOP('',(#2049,#2050,#2051,#2052));
#318=EDGE_LOOP('',(#2053,#2054,#2055,#2056));
#319=EDGE_LOOP('',(#2057,#2058,#2059,#2060));
#320=EDGE_LOOP('',(#2061,#2062,#2063,#2064));
#321=EDGE_LOOP('',(#2065,#2066,#2067,#2068));
#322=EDGE_LOOP('',(#2069,#2070,#2071,#2072));
#323=EDGE_LOOP('',(#2073,#2074,#2075,#2076));
#324=EDGE_LOOP('',(#2077,#2078,#2079,#2080));
#325=EDGE_LOOP('',(#2081,#2082,#2083,#2084));
#326=EDGE_LOOP('',(#2085,#2086,#2087,#2088));
#327=EDGE_LOOP('',(#2089,#2090,#2091,#2092));
#328=EDGE_LOOP('',(#2093,#2094,#2095,#2096));
#329=EDGE_LOOP('',(#2097,#2098,#2099,#2100));
#330=EDGE_LOOP('',(#2101,#2102,#2103,#2104));
#331=EDGE_LOOP('',(#2105,#2106,#2107,#2108));
#332=EDGE_LOOP('',(#2109,#2110,#2111,#2112));
#333=EDGE_LOOP('',(#2113,#2114,#2115,#2116));
#334=EDGE_LOOP('',(#2117,#2118,#2119,#2120));
#335=EDGE_LOOP('',(#2121,#2122,#2123,#2124));
#336=EDGE_LOOP('',(#2125,#2126,#2127,#2128));
#337=EDGE_LOOP('',(#2129,#2130,#2131,#2132));
#338=EDGE_LOOP('',(#2133,#2134,#2135,#2136));
#339=EDGE_LOOP('',(#2137,#2138,#2139,#2140));
#340=EDGE_LOOP('',(#2141,#2142,#2143,#2144));
#341=EDGE_LOOP('',(#2145,#2146,#2147,#2148));
#342=EDGE_LOOP('',(#2149,#2150,#2151,#2152));
#343=EDGE_LOOP('',(#2153,#2154,#2155,#2156));
#344=EDGE_LOOP('',(#2157,#2158,#2159,#2160));
#345=EDGE_LOOP('',(#2161,#2162,#2163,#2164));
#346=EDGE_LOOP('',(#2165,#2166,#2167,#2168));
#347=EDGE_LOOP('',(#2169,#2170,#2171,#2172));
#348=EDGE_LOOP('',(#2173,#2174,#2175,#2176));
#349=EDGE_LOOP('',(#2177,#2178,#2179,#2180));
#350=EDGE_LOOP('',(#2181,#2182,#2183,#2184));
#351=EDGE_LOOP('',(#2185,#2186,#2187,#2188));
#352=EDGE_LOOP('',(#2189,#2190,#2191,#2192));
#353=EDGE_LOOP('',(#2193,#2194,#2195,#2196));
#354=EDGE_LOOP('',(#2197,#2198,#2199,#2200));
#355=EDGE_LOOP('',(#2201,#2202,#2203,#2204));
#356=EDGE_LOOP('',(#2205,#2206,#2207,#2208));
#357=EDGE_LOOP('',(#2209,#2210,#2211,#2212));
#358=EDGE_LOOP('',(#2213,#2214,#2215,#2216));
#359=EDGE_LOOP('',(#2217,#2218,#2219,#2220));
#360=EDGE_LOOP('',(#2221,#2222,#2223,#2224));
#361=EDGE_LOOP('',(#2225,#2226,#2227,#2228));
#362=EDGE_LOOP('',(#2229,#2230,#2231,#2232));
#363=EDGE_LOOP('',(#2233,#2234,#2235,#2236));
#364=EDGE_LOOP('',(#2237,#2238,#2239,#2240));
#365=EDGE_LOOP('',(#2241,#2242,#2243,#2244));
#366=EDGE_LOOP('',(#2245,#2246,#2247,#2248));
#367=EDGE_LOOP('',(#2249,#2250,#2251,#2252));
#368=EDGE_LOOP('',(#2253,#2254,#2255,#2256,#2257,#2258));
#369=EDGE_LOOP('',(#2259,#2260,#2261,#2262,#2263,#2264));
#370=EDGE_LOOP('',(#2265,#2266,#2267,#2268));
#371=EDGE_LOOP('',(#2269,#2270,#2271,#2272));
#372=EDGE_LOOP('',(#2273,#2274,#2275,#2276));
#373=EDGE_LOOP('',(#2277,#2278,#2279,#2280));
#374=EDGE_LOOP('',(#2281,#2282,#2283,#2284));
#375=EDGE_LOOP('',(#2285,#2286,#2287,#2288));
#376=EDGE_LOOP('',(#2289,#2290,#2291,#2292));
#377=EDGE_LOOP('',(#2293,#2294,#2295,#2296));
#378=EDGE_LOOP('',(#2297,#2298,#2299,#2300));
#379=EDGE_LOOP('',(#2301,#2302,#2303,#2304));
#380=EDGE_LOOP('',(#2305,#2306,#2307,#2308));
#381=EDGE_LOOP('',(#2309,#2310,#2311,#2312));
#382=EDGE_LOOP('',(#2313,#2314,#2315,#2316));
#383=EDGE_LOOP('',(#2317,#2318,#2319,#2320));
#384=EDGE_LOOP('',(#2321,#2322,#2323,#2324));
#385=EDGE_LOOP('',(#2325,#2326,#2327,#2328));
#386=EDGE_LOOP('',(#2329,#2330,#2331,#2332));
#387=EDGE_LOOP('',(#2333,#2334,#2335,#2336));
#388=EDGE_LOOP('',(#2337,#2338,#2339,#2340));
#389=EDGE_LOOP('',(#2341,#2342,#2343,#2344));
#390=EDGE_LOOP('',(#2345,#2346,#2347,#2348));
#391=EDGE_LOOP('',(#2349,#2350,#2351,#2352));
#392=EDGE_LOOP('',(#2353,#2354,#2355,#2356));
#393=EDGE_LOOP('',(#2357,#2358,#2359,#2360));
#394=EDGE_LOOP('',(#2361,#2362,#2363,#2364));
#395=EDGE_LOOP('',(#2365,#2366,#2367,#2368));
#396=EDGE_LOOP('',(#2369,#2370,#2371,#2372));
#397=EDGE_LOOP('',(#2373,#2374,#2375,#2376));
#398=EDGE_LOOP('',(#2377,#2378,#2379,#2380));
#399=EDGE_LOOP('',(#2381,#2382,#2383,#2384));
#400=EDGE_LOOP('',(#2385,#2386,#2387,#2388));
#401=EDGE_LOOP('',(#2389,#2390,#2391,#2392));
#402=EDGE_LOOP('',(#2393,#2394,#2395,#2396));
#403=EDGE_LOOP('',(#2397,#2398,#2399,#2400));
#404=EDGE_LOOP('',(#2401,#2402,#2403,#2404));
#405=EDGE_LOOP('',(#2405,#2406,#2407,#2408));
#406=EDGE_LOOP('',(#2409,#2410,#2411,#2412));
#407=EDGE_LOOP('',(#2413,#2414,#2415,#2416));
#408=EDGE_LOOP('',(#2417,#2418,#2419,#2420));
#409=EDGE_LOOP('',(#2421,#2422,#2423,#2424));
#410=EDGE_LOOP('',(#2425,#2426,#2427,#2428));
#411=EDGE_LOOP('',(#2429,#2430,#2431,#2432));
#412=EDGE_LOOP('',(#2433,#2434,#2435,#2436));
#413=EDGE_LOOP('',(#2437,#2438,#2439,#2440));
#414=EDGE_LOOP('',(#2441,#2442,#2443,#2444));
#415=LINE('',#3705,#665);
#416=LINE('',#3708,#666);
#417=LINE('',#3711,#667);
#418=LINE('',#3713,#668);
#419=LINE('',#3715,#669);
#420=LINE('',#3717,#670);
#421=LINE('',#3719,#671);
#422=LINE('',#3721,#672);
#423=LINE('',#3722,#673);
#424=LINE('',#3725,#674);
#425=LINE('',#3729,#675);
#426=LINE('',#3733,#676);
#427=LINE('',#3737,#677);
#428=LINE('',#3741,#678);
#429=LINE('',#3742,#679);
#430=LINE('',#3745,#680);
#431=LINE('',#3748,#681);
#432=LINE('',#3751,#682);
#433=LINE('',#3752,#683);
#434=LINE('',#3758,#684);
#435=LINE('',#3760,#685);
#436=LINE('',#3762,#686);
#437=LINE('',#3763,#687);
#438=LINE('',#3777,#688);
#439=LINE('',#3778,#689);
#440=LINE('',#3789,#690);
#441=LINE('',#3790,#691);
#442=LINE('',#3801,#692);
#443=LINE('',#3802,#693);
#444=LINE('',#3810,#694);
#445=LINE('',#3811,#695);
#446=LINE('',#3814,#696);
#447=LINE('',#3816,#697);
#448=LINE('',#3817,#698);
#449=LINE('',#3820,#699);
#450=LINE('',#3824,#700);
#451=LINE('',#3825,#701);
#452=LINE('',#3828,#702);
#453=LINE('',#3835,#703);
#454=LINE('',#3839,#704);
#455=LINE('',#3843,#705);
#456=LINE('',#3846,#706);
#457=LINE('',#3851,#707);
#458=LINE('',#3855,#708);
#459=LINE('',#3859,#709);
#460=LINE('',#3862,#710);
#461=LINE('',#3867,#711);
#462=LINE('',#3871,#712);
#463=LINE('',#3875,#713);
#464=LINE('',#3878,#714);
#465=LINE('',#3883,#715);
#466=LINE('',#3887,#716);
#467=LINE('',#3891,#717);
#468=LINE('',#3894,#718);
#469=LINE('',#3899,#719);
#470=LINE('',#3903,#720);
#471=LINE('',#3907,#721);
#472=LINE('',#3910,#722);
#473=LINE('',#3915,#723);
#474=LINE('',#3919,#724);
#475=LINE('',#3923,#725);
#476=LINE('',#3926,#726);
#477=LINE('',#3931,#727);
#478=LINE('',#3935,#728);
#479=LINE('',#3939,#729);
#480=LINE('',#3942,#730);
#481=LINE('',#3948,#731);
#482=LINE('',#3949,#732);
#483=LINE('',#3951,#733);
#484=LINE('',#3952,#734);
#485=LINE('',#3957,#735);
#486=LINE('',#3961,#736);
#487=LINE('',#3965,#737);
#488=LINE('',#3968,#738);
#489=LINE('',#3973,#739);
#490=LINE('',#3977,#740);
#491=LINE('',#3981,#741);
#492=LINE('',#3984,#742);
#493=LINE('',#3989,#743);
#494=LINE('',#3993,#744);
#495=LINE('',#3997,#745);
#496=LINE('',#4000,#746);
#497=LINE('',#4007,#747);
#498=LINE('',#4011,#748);
#499=LINE('',#4015,#749);
#500=LINE('',#4018,#750);
#501=LINE('',#4023,#751);
#502=LINE('',#4027,#752);
#503=LINE('',#4031,#753);
#504=LINE('',#4034,#754);
#505=LINE('',#4039,#755);
#506=LINE('',#4043,#756);
#507=LINE('',#4051,#757);
#508=LINE('',#4055,#758);
#509=LINE('',#4059,#759);
#510=LINE('',#4062,#760);
#511=LINE('',#4067,#761);
#512=LINE('',#4071,#762);
#513=LINE('',#4075,#763);
#514=LINE('',#4078,#764);
#515=LINE('',#4085,#765);
#516=LINE('',#4089,#766);
#517=LINE('',#4093,#767);
#518=LINE('',#4096,#768);
#519=LINE('',#4101,#769);
#520=LINE('',#4105,#770);
#521=LINE('',#4109,#771);
#522=LINE('',#4112,#772);
#523=LINE('',#4117,#773);
#524=LINE('',#4121,#774);
#525=LINE('',#4125,#775);
#526=LINE('',#4128,#776);
#527=LINE('',#4130,#777);
#528=LINE('',#4132,#778);
#529=LINE('',#4133,#779);
#530=LINE('',#4142,#780);
#531=LINE('',#4146,#781);
#532=LINE('',#4150,#782);
#533=LINE('',#4153,#783);
#534=LINE('',#4158,#784);
#535=LINE('',#4162,#785);
#536=LINE('',#4166,#786);
#537=LINE('',#4169,#787);
#538=LINE('',#4174,#788);
#539=LINE('',#4178,#789);
#540=LINE('',#4182,#790);
#541=LINE('',#4185,#791);
#542=LINE('',#4190,#792);
#543=LINE('',#4194,#793);
#544=LINE('',#4198,#794);
#545=LINE('',#4201,#795);
#546=LINE('',#4206,#796);
#547=LINE('',#4210,#797);
#548=LINE('',#4214,#798);
#549=LINE('',#4217,#799);
#550=LINE('',#4222,#800);
#551=LINE('',#4226,#801);
#552=LINE('',#4230,#802);
#553=LINE('',#4233,#803);
#554=LINE('',#4238,#804);
#555=LINE('',#4242,#805);
#556=LINE('',#4246,#806);
#557=LINE('',#4249,#807);
#558=LINE('',#4251,#808);
#559=LINE('',#4253,#809);
#560=LINE('',#4255,#810);
#561=LINE('',#4257,#811);
#562=LINE('',#4258,#812);
#563=LINE('',#4260,#813);
#564=LINE('',#4262,#814);
#565=LINE('',#4264,#815);
#566=LINE('',#4266,#816);
#567=LINE('',#4268,#817);
#568=LINE('',#4270,#818);
#569=LINE('',#4273,#819);
#570=LINE('',#4274,#820);
#571=LINE('',#4276,#821);
#572=LINE('',#4278,#822);
#573=LINE('',#4280,#823);
#574=LINE('',#4282,#824);
#575=LINE('',#4284,#825);
#576=LINE('',#4286,#826);
#577=LINE('',#4289,#827);
#578=LINE('',#4290,#828);
#579=LINE('',#4292,#829);
#580=LINE('',#4294,#830);
#581=LINE('',#4296,#831);
#582=LINE('',#4298,#832);
#583=LINE('',#4300,#833);
#584=LINE('',#4302,#834);
#585=LINE('',#4305,#835);
#586=LINE('',#4306,#836);
#587=LINE('',#4308,#837);
#588=LINE('',#4310,#838);
#589=LINE('',#4312,#839);
#590=LINE('',#4314,#840);
#591=LINE('',#4316,#841);
#592=LINE('',#4318,#842);
#593=LINE('',#4321,#843);
#594=LINE('',#4322,#844);
#595=LINE('',#4324,#845);
#596=LINE('',#4326,#846);
#597=LINE('',#4328,#847);
#598=LINE('',#4330,#848);
#599=LINE('',#4332,#849);
#600=LINE('',#4334,#850);
#601=LINE('',#4337,#851);
#602=LINE('',#4338,#852);
#603=LINE('',#4340,#853);
#604=LINE('',#4342,#854);
#605=LINE('',#4344,#855);
#606=LINE('',#4346,#856);
#607=LINE('',#4348,#857);
#608=LINE('',#4350,#858);
#609=LINE('',#4353,#859);
#610=LINE('',#4354,#860);
#611=LINE('',#4356,#861);
#612=LINE('',#4358,#862);
#613=LINE('',#4360,#863);
#614=LINE('',#4362,#864);
#615=LINE('',#4364,#865);
#616=LINE('',#4366,#866);
#617=LINE('',#4369,#867);
#618=LINE('',#4371,#868);
#619=LINE('',#4373,#869);
#620=LINE('',#4374,#870);
#621=LINE('',#4376,#871);
#622=LINE('',#4378,#872);
#623=LINE('',#4380,#873);
#624=LINE('',#4381,#874);
#625=LINE('',#4383,#875);
#626=LINE('',#4385,#876);
#627=LINE('',#4387,#877);
#628=LINE('',#4389,#878);
#629=LINE('',#4391,#879);
#630=LINE('',#4393,#880);
#631=LINE('',#4396,#881);
#632=LINE('',#4397,#882);
#633=LINE('',#4399,#883);
#634=LINE('',#4401,#884);
#635=LINE('',#4403,#885);
#636=LINE('',#4405,#886);
#637=LINE('',#4407,#887);
#638=LINE('',#4409,#888);
#639=LINE('',#4412,#889);
#640=LINE('',#4413,#890);
#641=LINE('',#4415,#891);
#642=LINE('',#4417,#892);
#643=LINE('',#4419,#893);
#644=LINE('',#4421,#894);
#645=LINE('',#4423,#895);
#646=LINE('',#4425,#896);
#647=LINE('',#4428,#897);
#648=LINE('',#4430,#898);
#649=LINE('',#4431,#899);
#650=LINE('',#4433,#900);
#651=LINE('',#4435,#901);
#652=LINE('',#4437,#902);
#653=LINE('',#4439,#903);
#654=LINE('',#4441,#904);
#655=LINE('',#4443,#905);
#656=LINE('',#4446,#906);
#657=LINE('',#4447,#907);
#658=LINE('',#4449,#908);
#659=LINE('',#4451,#909);
#660=LINE('',#4453,#910);
#661=LINE('',#4455,#911);
#662=LINE('',#4457,#912);
#663=LINE('',#4459,#913);
#664=LINE('',#4462,#914);
#665=VECTOR('',#2925,10.);
#666=VECTOR('',#2928,10.);
#667=VECTOR('',#2931,10.);
#668=VECTOR('',#2932,10.);
#669=VECTOR('',#2933,10.);
#670=VECTOR('',#2934,10.);
#671=VECTOR('',#2935,10.);
#672=VECTOR('',#2936,10.);
#673=VECTOR('',#2937,10.);
#674=VECTOR('',#2940,10.);
#675=VECTOR('',#2943,10.);
#676=VECTOR('',#2946,10.);
#677=VECTOR('',#2951,10.);
#678=VECTOR('',#2956,10.);
#679=VECTOR('',#2957,10.);
#680=VECTOR('',#2960,10.);
#681=VECTOR('',#2963,10.);
#682=VECTOR('',#2966,10.);
#683=VECTOR('',#2967,10.);
#684=VECTOR('',#2974,10.);
#685=VECTOR('',#2975,10.);
#686=VECTOR('',#2976,10.);
#687=VECTOR('',#2977,10.);
#688=VECTOR('',#2992,10.);
#689=VECTOR('',#2993,10.);
#690=VECTOR('',#3006,10.);
#691=VECTOR('',#3007,10.);
#692=VECTOR('',#3020,10.);
#693=VECTOR('',#3021,10.);
#694=VECTOR('',#3032,10.);
#695=VECTOR('',#3033,10.);
#696=VECTOR('',#3036,10.);
#697=VECTOR('',#3037,10.);
#698=VECTOR('',#3038,10.);
#699=VECTOR('',#3041,10.);
#700=VECTOR('',#3046,10.);
#701=VECTOR('',#3047,10.);
#702=VECTOR('',#3050,10.);
#703=VECTOR('',#3057,10.);
#704=VECTOR('',#3060,10.);
#705=VECTOR('',#3063,10.);
#706=VECTOR('',#3066,10.);
#707=VECTOR('',#3069,10.);
#708=VECTOR('',#3072,10.);
#709=VECTOR('',#3075,10.);
#710=VECTOR('',#3078,10.);
#711=VECTOR('',#3081,10.);
#712=VECTOR('',#3084,10.);
#713=VECTOR('',#3087,10.);
#714=VECTOR('',#3090,10.);
#715=VECTOR('',#3093,10.);
#716=VECTOR('',#3096,10.);
#717=VECTOR('',#3099,10.);
#718=VECTOR('',#3102,10.);
#719=VECTOR('',#3105,10.);
#720=VECTOR('',#3108,10.);
#721=VECTOR('',#3111,10.);
#722=VECTOR('',#3114,10.);
#723=VECTOR('',#3117,10.);
#724=VECTOR('',#3120,10.);
#725=VECTOR('',#3123,10.);
#726=VECTOR('',#3126,10.);
#727=VECTOR('',#3129,10.);
#728=VECTOR('',#3132,10.);
#729=VECTOR('',#3135,10.);
#730=VECTOR('',#3138,10.);
#731=VECTOR('',#3143,10.);
#732=VECTOR('',#3144,10.);
#733=VECTOR('',#3145,10.);
#734=VECTOR('',#3146,10.);
#735=VECTOR('',#3149,10.);
#736=VECTOR('',#3152,10.);
#737=VECTOR('',#3155,10.);
#738=VECTOR('',#3158,10.);
#739=VECTOR('',#3161,10.);
#740=VECTOR('',#3164,10.);
#741=VECTOR('',#3167,10.);
#742=VECTOR('',#3170,10.);
#743=VECTOR('',#3173,10.);
#744=VECTOR('',#3176,10.);
#745=VECTOR('',#3179,10.);
#746=VECTOR('',#3182,10.);
#747=VECTOR('',#3187,10.);
#748=VECTOR('',#3190,10.);
#749=VECTOR('',#3193,10.);
#750=VECTOR('',#3196,10.);
#751=VECTOR('',#3199,10.);
#752=VECTOR('',#3202,10.);
#753=VECTOR('',#3205,10.);
#754=VECTOR('',#3208,10.);
#755=VECTOR('',#3213,10.);
#756=VECTOR('',#3216,10.);
#757=VECTOR('',#3223,10.);
#758=VECTOR('',#3226,10.);
#759=VECTOR('',#3229,10.);
#760=VECTOR('',#3232,10.);
#761=VECTOR('',#3235,10.);
#762=VECTOR('',#3238,10.);
#763=VECTOR('',#3241,10.);
#764=VECTOR('',#3244,10.);
#765=VECTOR('',#3249,10.);
#766=VECTOR('',#3252,10.);
#767=VECTOR('',#3255,10.);
#768=VECTOR('',#3258,10.);
#769=VECTOR('',#3261,10.);
#770=VECTOR('',#3264,10.);
#771=VECTOR('',#3267,10.);
#772=VECTOR('',#3270,10.);
#773=VECTOR('',#3273,10.);
#774=VECTOR('',#3276,10.);
#775=VECTOR('',#3279,10.);
#776=VECTOR('',#3282,10.);
#777=VECTOR('',#3283,10.);
#778=VECTOR('',#3284,10.);
#779=VECTOR('',#3285,10.);
#780=VECTOR('',#3292,10.);
#781=VECTOR('',#3295,10.);
#782=VECTOR('',#3298,10.);
#783=VECTOR('',#3301,10.);
#784=VECTOR('',#3304,10.);
#785=VECTOR('',#3307,10.);
#786=VECTOR('',#3310,10.);
#787=VECTOR('',#3313,10.);
#788=VECTOR('',#3316,10.);
#789=VECTOR('',#3319,10.);
#790=VECTOR('',#3322,10.);
#791=VECTOR('',#3325,10.);
#792=VECTOR('',#3328,10.);
#793=VECTOR('',#3331,10.);
#794=VECTOR('',#3334,10.);
#795=VECTOR('',#3337,10.);
#796=VECTOR('',#3340,10.);
#797=VECTOR('',#3343,10.);
#798=VECTOR('',#3346,10.);
#799=VECTOR('',#3349,10.);
#800=VECTOR('',#3352,10.);
#801=VECTOR('',#3355,10.);
#802=VECTOR('',#3358,10.);
#803=VECTOR('',#3361,10.);
#804=VECTOR('',#3364,10.);
#805=VECTOR('',#3367,10.);
#806=VECTOR('',#3370,10.);
#807=VECTOR('',#3373,10.);
#808=VECTOR('',#3376,10.);
#809=VECTOR('',#3379,10.);
#810=VECTOR('',#3382,10.);
#811=VECTOR('',#3385,10.);
#812=VECTOR('',#3386,10.);
#813=VECTOR('',#3389,10.);
#814=VECTOR('',#3392,10.);
#815=VECTOR('',#3395,10.);
#816=VECTOR('',#3398,10.);
#817=VECTOR('',#3401,10.);
#818=VECTOR('',#3404,10.);
#819=VECTOR('',#3409,10.);
#820=VECTOR('',#3410,10.);
#821=VECTOR('',#3413,10.);
#822=VECTOR('',#3416,10.);
#823=VECTOR('',#3419,10.);
#824=VECTOR('',#3422,10.);
#825=VECTOR('',#3425,10.);
#826=VECTOR('',#3428,10.);
#827=VECTOR('',#3433,10.);
#828=VECTOR('',#3434,10.);
#829=VECTOR('',#3437,10.);
#830=VECTOR('',#3440,10.);
#831=VECTOR('',#3443,10.);
#832=VECTOR('',#3446,10.);
#833=VECTOR('',#3449,10.);
#834=VECTOR('',#3452,10.);
#835=VECTOR('',#3457,10.);
#836=VECTOR('',#3458,10.);
#837=VECTOR('',#3461,10.);
#838=VECTOR('',#3464,10.);
#839=VECTOR('',#3467,10.);
#840=VECTOR('',#3470,10.);
#841=VECTOR('',#3473,10.);
#842=VECTOR('',#3476,10.);
#843=VECTOR('',#3481,10.);
#844=VECTOR('',#3482,10.);
#845=VECTOR('',#3485,10.);
#846=VECTOR('',#3488,10.);
#847=VECTOR('',#3491,10.);
#848=VECTOR('',#3494,10.);
#849=VECTOR('',#3497,10.);
#850=VECTOR('',#3500,10.);
#851=VECTOR('',#3505,10.);
#852=VECTOR('',#3506,10.);
#853=VECTOR('',#3509,10.);
#854=VECTOR('',#3512,10.);
#855=VECTOR('',#3515,10.);
#856=VECTOR('',#3518,10.);
#857=VECTOR('',#3521,10.);
#858=VECTOR('',#3524,10.);
#859=VECTOR('',#3529,10.);
#860=VECTOR('',#3530,10.);
#861=VECTOR('',#3533,10.);
#862=VECTOR('',#3536,10.);
#863=VECTOR('',#3539,10.);
#864=VECTOR('',#3542,10.);
#865=VECTOR('',#3545,10.);
#866=VECTOR('',#3548,10.);
#867=VECTOR('',#3553,1.69999999999998);
#868=VECTOR('',#3556,1.69999999999998);
#869=VECTOR('',#3559,10.);
#870=VECTOR('',#3560,10.);
#871=VECTOR('',#3563,10.);
#872=VECTOR('',#3566,10.);
#873=VECTOR('',#3569,10.);
#874=VECTOR('',#3570,10.);
#875=VECTOR('',#3573,10.);
#876=VECTOR('',#3576,10.);
#877=VECTOR('',#3579,10.);
#878=VECTOR('',#3582,10.);
#879=VECTOR('',#3585,10.);
#880=VECTOR('',#3588,10.);
#881=VECTOR('',#3593,10.);
#882=VECTOR('',#3594,10.);
#883=VECTOR('',#3597,10.);
#884=VECTOR('',#3600,10.);
#885=VECTOR('',#3603,10.);
#886=VECTOR('',#3606,10.);
#887=VECTOR('',#3609,10.);
#888=VECTOR('',#3612,10.);
#889=VECTOR('',#3617,10.);
#890=VECTOR('',#3618,10.);
#891=VECTOR('',#3621,10.);
#892=VECTOR('',#3624,10.);
#893=VECTOR('',#3627,10.);
#894=VECTOR('',#3630,10.);
#895=VECTOR('',#3633,10.);
#896=VECTOR('',#3636,10.);
#897=VECTOR('',#3641,1.70000000000002);
#898=VECTOR('',#3644,10.);
#899=VECTOR('',#3645,10.);
#900=VECTOR('',#3648,10.);
#901=VECTOR('',#3651,10.);
#902=VECTOR('',#3654,10.);
#903=VECTOR('',#3657,10.);
#904=VECTOR('',#3660,10.);
#905=VECTOR('',#3663,10.);
#906=VECTOR('',#3668,10.);
#907=VECTOR('',#3669,10.);
#908=VECTOR('',#3672,10.);
#909=VECTOR('',#3675,10.);
#910=VECTOR('',#3678,10.);
#911=VECTOR('',#3681,10.);
#912=VECTOR('',#3684,10.);
#913=VECTOR('',#3687,10.);
#914=VECTOR('',#3692,1.70000000000002);
#915=CIRCLE('',#2656,1.);
#916=CIRCLE('',#2657,1.);
#917=CIRCLE('',#2660,1.);
#918=CIRCLE('',#2661,1.);
#919=CIRCLE('',#2662,1.);
#920=CIRCLE('',#2664,1.);
#921=CIRCLE('',#2667,1.);
#922=CIRCLE('',#2670,1.);
#923=CIRCLE('',#2673,0.999999999999996);
#924=CIRCLE('',#2674,3.);
#925=CIRCLE('',#2675,1.);
#926=CIRCLE('',#2676,4.);
#927=CIRCLE('',#2678,0.999999999999999);
#928=CIRCLE('',#2680,1.);
#929=CIRCLE('',#2681,4.);
#930=CIRCLE('',#2682,3.);
#931=CIRCLE('',#2684,0.999999999999999);
#932=CIRCLE('',#2686,1.);
#933=CIRCLE('',#2687,4.);
#934=CIRCLE('',#2688,3.);
#935=CIRCLE('',#2690,0.999999999999999);
#936=CIRCLE('',#2692,1.);
#937=CIRCLE('',#2693,4.);
#938=CIRCLE('',#2694,3.);
#939=CIRCLE('',#2698,4.);
#940=CIRCLE('',#2701,4.);
#941=CIRCLE('',#2703,0.499999999999989);
#942=CIRCLE('',#2704,0.500000000000007);
#943=CIRCLE('',#2705,0.500000000000007);
#944=CIRCLE('',#2706,0.499999999999972);
#945=CIRCLE('',#2707,0.499999999999989);
#946=CIRCLE('',#2708,0.499999999999972);
#947=CIRCLE('',#2709,0.500000000000007);
#948=CIRCLE('',#2710,0.500000000000007);
#949=CIRCLE('',#2711,0.500000000000007);
#950=CIRCLE('',#2712,0.500000000000007);
#951=CIRCLE('',#2713,0.499999999999989);
#952=CIRCLE('',#2714,0.499999999999972);
#953=CIRCLE('',#2715,0.499999999999989);
#954=CIRCLE('',#2716,0.500000000000007);
#955=CIRCLE('',#2717,0.500000000000007);
#956=CIRCLE('',#2718,0.500000000000007);
#957=CIRCLE('',#2719,0.500000000000007);
#958=CIRCLE('',#2720,0.500000000000007);
#959=CIRCLE('',#2721,0.499999999999989);
#960=CIRCLE('',#2722,0.499999999999972);
#961=CIRCLE('',#2723,0.500000000000007);
#962=CIRCLE('',#2724,0.500000000000007);
#963=CIRCLE('',#2725,0.499999999999989);
#964=CIRCLE('',#2726,0.500000000000007);
#965=CIRCLE('',#2727,0.499999999999989);
#966=CIRCLE('',#2728,0.500000000000007);
#967=CIRCLE('',#2729,0.500000000000007);
#968=CIRCLE('',#2730,0.499999999999972);
#969=CIRCLE('',#2731,1.69999999999998);
#970=CIRCLE('',#2732,1.69999999999998);
#971=CIRCLE('',#2733,0.500000000000007);
#972=CIRCLE('',#2734,0.499999999999972);
#973=CIRCLE('',#2735,0.499999999999989);
#974=CIRCLE('',#2736,0.500000000000007);
#975=CIRCLE('',#2737,0.499999999999989);
#976=CIRCLE('',#2738,0.500000000000007);
#977=CIRCLE('',#2739,0.500000000000007);
#978=CIRCLE('',#2740,0.499999999999972);
#979=CIRCLE('',#2741,0.499999999999989);
#980=CIRCLE('',#2742,0.500000000000007);
#981=CIRCLE('',#2743,0.500000000000007);
#982=CIRCLE('',#2744,0.499999999999972);
#983=CIRCLE('',#2745,1.70000000000002);
#984=CIRCLE('',#2746,0.499999999999989);
#985=CIRCLE('',#2747,0.500000000000007);
#986=CIRCLE('',#2748,0.500000000000007);
#987=CIRCLE('',#2749,0.500000000000007);
#988=CIRCLE('',#2750,0.499999999999989);
#989=CIRCLE('',#2751,0.499999999999972);
#990=CIRCLE('',#2752,0.500000000000007);
#991=CIRCLE('',#2753,0.500000000000007);
#992=CIRCLE('',#2754,1.70000000000002);
#993=CIRCLE('',#2756,4.);
#994=CIRCLE('',#2757,4.);
#995=CIRCLE('',#2758,1.70000000000002);
#996=CIRCLE('',#2759,0.499999999999989);
#997=CIRCLE('',#2760,0.500000000000007);
#998=CIRCLE('',#2761,0.500000000000007);
#999=CIRCLE('',#2762,0.499999999999972);
#1000=CIRCLE('',#2763,0.499999999999989);
#1001=CIRCLE('',#2764,0.500000000000007);
#1002=CIRCLE('',#2765,0.500000000000007);
#1003=CIRCLE('',#2766,0.500000000000007);
#1004=CIRCLE('',#2767,1.70000000000002);
#1005=CIRCLE('',#2768,0.499999999999989);
#1006=CIRCLE('',#2769,0.499999999999972);
#1007=CIRCLE('',#2770,0.500000000000007);
#1008=CIRCLE('',#2771,0.500000000000007);
#1009=CIRCLE('',#2772,0.499999999999989);
#1010=CIRCLE('',#2773,0.499999999999972);
#1011=CIRCLE('',#2774,0.500000000000007);
#1012=CIRCLE('',#2775,0.500000000000007);
#1013=CIRCLE('',#2776,0.500000000000007);
#1014=CIRCLE('',#2777,0.500000000000007);
#1015=CIRCLE('',#2778,0.499999999999989);
#1016=CIRCLE('',#2779,0.499999999999972);
#1017=CIRCLE('',#2780,1.69999999999998);
#1018=CIRCLE('',#2781,1.69999999999998);
#1019=CIRCLE('',#2782,0.499999999999989);
#1020=CIRCLE('',#2783,0.499999999999972);
#1021=CIRCLE('',#2784,0.500000000000007);
#1022=CIRCLE('',#2785,0.500000000000007);
#1023=CIRCLE('',#2786,0.500000000000007);
#1024=CIRCLE('',#2787,0.500000000000007);
#1025=CIRCLE('',#2788,0.499999999999989);
#1026=CIRCLE('',#2789,0.500000000000007);
#1027=CIRCLE('',#2790,0.500000000000007);
#1028=CIRCLE('',#2791,0.499999999999972);
#1029=CIRCLE('',#2792,0.499999999999989);
#1030=CIRCLE('',#2793,0.500000000000007);
#1031=CIRCLE('',#2794,0.499999999999989);
#1032=CIRCLE('',#2795,0.500000000000007);
#1033=CIRCLE('',#2796,0.500000000000007);
#1034=CIRCLE('',#2797,0.500000000000007);
#1035=CIRCLE('',#2798,0.500000000000007);
#1036=CIRCLE('',#2799,0.499999999999972);
#1037=CIRCLE('',#2800,0.499999999999989);
#1038=CIRCLE('',#2801,0.500000000000007);
#1039=CIRCLE('',#2802,0.499999999999989);
#1040=CIRCLE('',#2803,0.500000000000007);
#1041=CIRCLE('',#2804,0.500000000000007);
#1042=CIRCLE('',#2805,0.499999999999972);
#1043=CIRCLE('',#2806,0.499999999999989);
#1044=CIRCLE('',#2807,0.499999999999972);
#1045=CIRCLE('',#2808,0.500000000000007);
#1046=CIRCLE('',#2809,0.500000000000007);
#1047=VERTEX_POINT('',#3701);
#1048=VERTEX_POINT('',#3702);
#1049=VERTEX_POINT('',#3704);
#1050=VERTEX_POINT('',#3706);
#1051=VERTEX_POINT('',#3710);
#1052=VERTEX_POINT('',#3712);
#1053=VERTEX_POINT('',#3714);
#1054=VERTEX_POINT('',#3716);
#1055=VERTEX_POINT('',#3718);
#1056=VERTEX_POINT('',#3720);
#1057=VERTEX_POINT('',#3724);
#1058=VERTEX_POINT('',#3726);
#1059=VERTEX_POINT('',#3728);
#1060=VERTEX_POINT('',#3730);
#1061=VERTEX_POINT('',#3732);
#1062=VERTEX_POINT('',#3736);
#1063=VERTEX_POINT('',#3740);
#1064=VERTEX_POINT('',#3744);
#1065=VERTEX_POINT('',#3746);
#1066=VERTEX_POINT('',#3750);
#1067=VERTEX_POINT('',#3756);
#1068=VERTEX_POINT('',#3757);
#1069=VERTEX_POINT('',#3759);
#1070=VERTEX_POINT('',#3761);
#1071=VERTEX_POINT('',#3765);
#1072=VERTEX_POINT('',#3766);
#1073=VERTEX_POINT('',#3768);
#1074=VERTEX_POINT('',#3770);
#1075=VERTEX_POINT('',#3774);
#1076=VERTEX_POINT('',#3775);
#1077=VERTEX_POINT('',#3780);
#1078=VERTEX_POINT('',#3781);
#1079=VERTEX_POINT('',#3786);
#1080=VERTEX_POINT('',#3787);
#1081=VERTEX_POINT('',#3792);
#1082=VERTEX_POINT('',#3793);
#1083=VERTEX_POINT('',#3798);
#1084=VERTEX_POINT('',#3799);
#1085=VERTEX_POINT('',#3804);
#1086=VERTEX_POINT('',#3805);
#1087=VERTEX_POINT('',#3813);
#1088=VERTEX_POINT('',#3815);
#1089=VERTEX_POINT('',#3819);
#1090=VERTEX_POINT('',#3823);
#1091=VERTEX_POINT('',#3827);
#1092=VERTEX_POINT('',#3831);
#1093=VERTEX_POINT('',#3832);
#1094=VERTEX_POINT('',#3834);
#1095=VERTEX_POINT('',#3836);
#1096=VERTEX_POINT('',#3838);
#1097=VERTEX_POINT('',#3840);
#1098=VERTEX_POINT('',#3842);
#1099=VERTEX_POINT('',#3844);
#1100=VERTEX_POINT('',#3847);
#1101=VERTEX_POINT('',#3848);
#1102=VERTEX_POINT('',#3850);
#1103=VERTEX_POINT('',#3852);
#1104=VERTEX_POINT('',#3854);
#1105=VERTEX_POINT('',#3856);
#1106=VERTEX_POINT('',#3858);
#1107=VERTEX_POINT('',#3860);
#1108=VERTEX_POINT('',#3863);
#1109=VERTEX_POINT('',#3864);
#1110=VERTEX_POINT('',#3866);
#1111=VERTEX_POINT('',#3868);
#1112=VERTEX_POINT('',#3870);
#1113=VERTEX_POINT('',#3872);
#1114=VERTEX_POINT('',#3874);
#1115=VERTEX_POINT('',#3876);
#1116=VERTEX_POINT('',#3879);
#1117=VERTEX_POINT('',#3880);
#1118=VERTEX_POINT('',#3882);
#1119=VERTEX_POINT('',#3884);
#1120=VERTEX_POINT('',#3886);
#1121=VERTEX_POINT('',#3888);
#1122=VERTEX_POINT('',#3890);
#1123=VERTEX_POINT('',#3892);
#1124=VERTEX_POINT('',#3895);
#1125=VERTEX_POINT('',#3896);
#1126=VERTEX_POINT('',#3898);
#1127=VERTEX_POINT('',#3900);
#1128=VERTEX_POINT('',#3902);
#1129=VERTEX_POINT('',#3904);
#1130=VERTEX_POINT('',#3906);
#1131=VERTEX_POINT('',#3908);
#1132=VERTEX_POINT('',#3911);
#1133=VERTEX_POINT('',#3912);
#1134=VERTEX_POINT('',#3914);
#1135=VERTEX_POINT('',#3916);
#1136=VERTEX_POINT('',#3918);
#1137=VERTEX_POINT('',#3920);
#1138=VERTEX_POINT('',#3922);
#1139=VERTEX_POINT('',#3924);
#1140=VERTEX_POINT('',#3927);
#1141=VERTEX_POINT('',#3928);
#1142=VERTEX_POINT('',#3930);
#1143=VERTEX_POINT('',#3932);
#1144=VERTEX_POINT('',#3934);
#1145=VERTEX_POINT('',#3936);
#1146=VERTEX_POINT('',#3938);
#1147=VERTEX_POINT('',#3940);
#1148=VERTEX_POINT('',#3943);
#1149=VERTEX_POINT('',#3945);
#1150=VERTEX_POINT('',#3947);
#1151=VERTEX_POINT('',#3950);
#1152=VERTEX_POINT('',#3953);
#1153=VERTEX_POINT('',#3954);
#1154=VERTEX_POINT('',#3956);
#1155=VERTEX_POINT('',#3958);
#1156=VERTEX_POINT('',#3960);
#1157=VERTEX_POINT('',#3962);
#1158=VERTEX_POINT('',#3964);
#1159=VERTEX_POINT('',#3966);
#1160=VERTEX_POINT('',#3969);
#1161=VERTEX_POINT('',#3970);
#1162=VERTEX_POINT('',#3972);
#1163=VERTEX_POINT('',#3974);
#1164=VERTEX_POINT('',#3976);
#1165=VERTEX_POINT('',#3978);
#1166=VERTEX_POINT('',#3980);
#1167=VERTEX_POINT('',#3982);
#1168=VERTEX_POINT('',#3985);
#1169=VERTEX_POINT('',#3986);
#1170=VERTEX_POINT('',#3988);
#1171=VERTEX_POINT('',#3990);
#1172=VERTEX_POINT('',#3992);
#1173=VERTEX_POINT('',#3994);
#1174=VERTEX_POINT('',#3996);
#1175=VERTEX_POINT('',#3998);
#1176=VERTEX_POINT('',#4001);
#1177=VERTEX_POINT('',#4003);
#1178=VERTEX_POINT('',#4004);
#1179=VERTEX_POINT('',#4006);
#1180=VERTEX_POINT('',#4008);
#1181=VERTEX_POINT('',#4010);
#1182=VERTEX_POINT('',#4012);
#1183=VERTEX_POINT('',#4014);
#1184=VERTEX_POINT('',#4016);
#1185=VERTEX_POINT('',#4019);
#1186=VERTEX_POINT('',#4020);
#1187=VERTEX_POINT('',#4022);
#1188=VERTEX_POINT('',#4024);
#1189=VERTEX_POINT('',#4026);
#1190=VERTEX_POINT('',#4028);
#1191=VERTEX_POINT('',#4030);
#1192=VERTEX_POINT('',#4032);
#1193=VERTEX_POINT('',#4035);
#1194=VERTEX_POINT('',#4038);
#1195=VERTEX_POINT('',#4040);
#1196=VERTEX_POINT('',#4042);
#1197=VERTEX_POINT('',#4045);
#1198=VERTEX_POINT('',#4047);
#1199=VERTEX_POINT('',#4048);
#1200=VERTEX_POINT('',#4050);
#1201=VERTEX_POINT('',#4052);
#1202=VERTEX_POINT('',#4054);
#1203=VERTEX_POINT('',#4056);
#1204=VERTEX_POINT('',#4058);
#1205=VERTEX_POINT('',#4060);
#1206=VERTEX_POINT('',#4063);
#1207=VERTEX_POINT('',#4064);
#1208=VERTEX_POINT('',#4066);
#1209=VERTEX_POINT('',#4068);
#1210=VERTEX_POINT('',#4070);
#1211=VERTEX_POINT('',#4072);
#1212=VERTEX_POINT('',#4074);
#1213=VERTEX_POINT('',#4076);
#1214=VERTEX_POINT('',#4079);
#1215=VERTEX_POINT('',#4081);
#1216=VERTEX_POINT('',#4082);
#1217=VERTEX_POINT('',#4084);
#1218=VERTEX_POINT('',#4086);
#1219=VERTEX_POINT('',#4088);
#1220=VERTEX_POINT('',#4090);
#1221=VERTEX_POINT('',#4092);
#1222=VERTEX_POINT('',#4094);
#1223=VERTEX_POINT('',#4097);
#1224=VERTEX_POINT('',#4098);
#1225=VERTEX_POINT('',#4100);
#1226=VERTEX_POINT('',#4102);
#1227=VERTEX_POINT('',#4104);
#1228=VERTEX_POINT('',#4106);
#1229=VERTEX_POINT('',#4108);
#1230=VERTEX_POINT('',#4110);
#1231=VERTEX_POINT('',#4113);
#1232=VERTEX_POINT('',#4114);
#1233=VERTEX_POINT('',#4116);
#1234=VERTEX_POINT('',#4118);
#1235=VERTEX_POINT('',#4120);
#1236=VERTEX_POINT('',#4122);
#1237=VERTEX_POINT('',#4124);
#1238=VERTEX_POINT('',#4126);
#1239=VERTEX_POINT('',#4129);
#1240=VERTEX_POINT('',#4131);
#1241=VERTEX_POINT('',#4134);
#1242=VERTEX_POINT('',#4136);
#1243=VERTEX_POINT('',#4138);
#1244=VERTEX_POINT('',#4139);
#1245=VERTEX_POINT('',#4141);
#1246=VERTEX_POINT('',#4143);
#1247=VERTEX_POINT('',#4145);
#1248=VERTEX_POINT('',#4147);
#1249=VERTEX_POINT('',#4149);
#1250=VERTEX_POINT('',#4151);
#1251=VERTEX_POINT('',#4154);
#1252=VERTEX_POINT('',#4155);
#1253=VERTEX_POINT('',#4157);
#1254=VERTEX_POINT('',#4159);
#1255=VERTEX_POINT('',#4161);
#1256=VERTEX_POINT('',#4163);
#1257=VERTEX_POINT('',#4165);
#1258=VERTEX_POINT('',#4167);
#1259=VERTEX_POINT('',#4170);
#1260=VERTEX_POINT('',#4171);
#1261=VERTEX_POINT('',#4173);
#1262=VERTEX_POINT('',#4175);
#1263=VERTEX_POINT('',#4177);
#1264=VERTEX_POINT('',#4179);
#1265=VERTEX_POINT('',#4181);
#1266=VERTEX_POINT('',#4183);
#1267=VERTEX_POINT('',#4186);
#1268=VERTEX_POINT('',#4187);
#1269=VERTEX_POINT('',#4189);
#1270=VERTEX_POINT('',#4191);
#1271=VERTEX_POINT('',#4193);
#1272=VERTEX_POINT('',#4195);
#1273=VERTEX_POINT('',#4197);
#1274=VERTEX_POINT('',#4199);
#1275=VERTEX_POINT('',#4202);
#1276=VERTEX_POINT('',#4203);
#1277=VERTEX_POINT('',#4205);
#1278=VERTEX_POINT('',#4207);
#1279=VERTEX_POINT('',#4209);
#1280=VERTEX_POINT('',#4211);
#1281=VERTEX_POINT('',#4213);
#1282=VERTEX_POINT('',#4215);
#1283=VERTEX_POINT('',#4218);
#1284=VERTEX_POINT('',#4219);
#1285=VERTEX_POINT('',#4221);
#1286=VERTEX_POINT('',#4223);
#1287=VERTEX_POINT('',#4225);
#1288=VERTEX_POINT('',#4227);
#1289=VERTEX_POINT('',#4229);
#1290=VERTEX_POINT('',#4231);
#1291=VERTEX_POINT('',#4234);
#1292=VERTEX_POINT('',#4235);
#1293=VERTEX_POINT('',#4237);
#1294=VERTEX_POINT('',#4239);
#1295=VERTEX_POINT('',#4241);
#1296=VERTEX_POINT('',#4243);
#1297=VERTEX_POINT('',#4245);
#1298=VERTEX_POINT('',#4247);
#1299=EDGE_CURVE('',#1047,#1048,#915,.T.);
#1300=EDGE_CURVE('',#1048,#1049,#415,.T.);
#1301=EDGE_CURVE('',#1049,#1050,#916,.F.);
#1302=EDGE_CURVE('',#1050,#1047,#416,.T.);
#1303=EDGE_CURVE('',#1049,#1051,#417,.T.);
#1304=EDGE_CURVE('',#1052,#1048,#418,.T.);
#1305=EDGE_CURVE('',#1053,#1052,#419,.T.);
#1306=EDGE_CURVE('',#1054,#1053,#420,.T.);
#1307=EDGE_CURVE('',#1055,#1054,#421,.T.);
#1308=EDGE_CURVE('',#1056,#1055,#422,.T.);
#1309=EDGE_CURVE('',#1056,#1051,#423,.T.);
#1310=EDGE_CURVE('',#1047,#1057,#424,.T.);
#1311=EDGE_CURVE('',#1058,#1057,#917,.T.);
#1312=EDGE_CURVE('',#1058,#1059,#425,.T.);
#1313=EDGE_CURVE('',#1060,#1059,#918,.T.);
#1314=EDGE_CURVE('',#1060,#1061,#426,.T.);
#1315=EDGE_CURVE('',#1052,#1061,#919,.T.);
#1316=EDGE_CURVE('',#1061,#1062,#427,.T.);
#1317=EDGE_CURVE('',#1053,#1062,#920,.T.);
#1318=EDGE_CURVE('',#1063,#1060,#428,.T.);
#1319=EDGE_CURVE('',#1063,#1062,#429,.T.);
#1320=EDGE_CURVE('',#1057,#1064,#430,.T.);
#1321=EDGE_CURVE('',#1064,#1065,#921,.F.);
#1322=EDGE_CURVE('',#1065,#1058,#431,.T.);
#1323=EDGE_CURVE('',#1065,#1066,#432,.T.);
#1324=EDGE_CURVE('',#1059,#1066,#433,.T.);
#1325=EDGE_CURVE('',#1066,#1063,#922,.F.);
#1326=EDGE_CURVE('',#1067,#1068,#434,.T.);
#1327=EDGE_CURVE('',#1069,#1067,#435,.T.);
#1328=EDGE_CURVE('',#1069,#1070,#436,.T.);
#1329=EDGE_CURVE('',#1070,#1068,#437,.T.);
#1330=EDGE_CURVE('',#1071,#1072,#923,.T.);
#1331=EDGE_CURVE('',#1072,#1073,#924,.T.);
#1332=EDGE_CURVE('',#1073,#1074,#925,.T.);
#1333=EDGE_CURVE('',#1074,#1071,#926,.T.);
#1334=EDGE_CURVE('',#1075,#1076,#927,.T.);
#1335=EDGE_CURVE('',#1076,#1074,#438,.T.);
#1336=EDGE_CURVE('',#1073,#1075,#439,.T.);
#1337=EDGE_CURVE('',#1077,#1078,#928,.T.);
#1338=EDGE_CURVE('',#1078,#1076,#929,.T.);
#1339=EDGE_CURVE('',#1075,#1077,#930,.T.);
#1340=EDGE_CURVE('',#1079,#1080,#931,.T.);
#1341=EDGE_CURVE('',#1080,#1078,#440,.T.);
#1342=EDGE_CURVE('',#1077,#1079,#441,.T.);
#1343=EDGE_CURVE('',#1081,#1082,#932,.T.);
#1344=EDGE_CURVE('',#1082,#1080,#933,.T.);
#1345=EDGE_CURVE('',#1079,#1081,#934,.T.);
#1346=EDGE_CURVE('',#1083,#1084,#935,.T.);
#1347=EDGE_CURVE('',#1084,#1082,#442,.T.);
#1348=EDGE_CURVE('',#1081,#1083,#443,.T.);
#1349=EDGE_CURVE('',#1085,#1086,#936,.T.);
#1350=EDGE_CURVE('',#1086,#1084,#937,.T.);
#1351=EDGE_CURVE('',#1083,#1085,#938,.T.);
#1352=EDGE_CURVE('',#1085,#1072,#444,.T.);
#1353=EDGE_CURVE('',#1071,#1086,#445,.T.);
#1354=EDGE_CURVE('',#1087,#1084,#446,.T.);
#1355=EDGE_CURVE('',#1088,#1087,#447,.T.);
#1356=EDGE_CURVE('',#1082,#1088,#448,.T.);
#1357=EDGE_CURVE('',#1086,#1089,#449,.T.);
#1358=EDGE_CURVE('',#1089,#1087,#939,.T.);
#1359=EDGE_CURVE('',#1090,#1071,#450,.T.);
#1360=EDGE_CURVE('',#1089,#1090,#451,.T.);
#1361=EDGE_CURVE('',#1074,#1091,#452,.T.);
#1362=EDGE_CURVE('',#1091,#1090,#940,.T.);
#1363=EDGE_CURVE('',#1092,#1093,#941,.T.);
#1364=EDGE_CURVE('',#1093,#1094,#453,.T.);
#1365=EDGE_CURVE('',#1094,#1095,#942,.T.);
#1366=EDGE_CURVE('',#1095,#1096,#454,.T.);
#1367=EDGE_CURVE('',#1096,#1097,#943,.T.);
#1368=EDGE_CURVE('',#1097,#1098,#455,.T.);
#1369=EDGE_CURVE('',#1098,#1099,#944,.T.);
#1370=EDGE_CURVE('',#1099,#1092,#456,.T.);
#1371=EDGE_CURVE('',#1100,#1101,#945,.T.);
#1372=EDGE_CURVE('',#1101,#1102,#457,.T.);
#1373=EDGE_CURVE('',#1102,#1103,#946,.T.);
#1374=EDGE_CURVE('',#1103,#1104,#458,.T.);
#1375=EDGE_CURVE('',#1104,#1105,#947,.T.);
#1376=EDGE_CURVE('',#1105,#1106,#459,.T.);
#1377=EDGE_CURVE('',#1106,#1107,#948,.T.);
#1378=EDGE_CURVE('',#1107,#1100,#460,.T.);
#1379=EDGE_CURVE('',#1108,#1109,#949,.T.);
#1380=EDGE_CURVE('',#1109,#1110,#461,.T.);
#1381=EDGE_CURVE('',#1110,#1111,#950,.T.);
#1382=EDGE_CURVE('',#1111,#1112,#462,.T.);
#1383=EDGE_CURVE('',#1112,#1113,#951,.T.);
#1384=EDGE_CURVE('',#1113,#1114,#463,.T.);
#1385=EDGE_CURVE('',#1114,#1115,#952,.T.);
#1386=EDGE_CURVE('',#1115,#1108,#464,.T.);
#1387=EDGE_CURVE('',#1116,#1117,#953,.T.);
#1388=EDGE_CURVE('',#1117,#1118,#465,.T.);
#1389=EDGE_CURVE('',#1118,#1119,#954,.T.);
#1390=EDGE_CURVE('',#1119,#1120,#466,.T.);
#1391=EDGE_CURVE('',#1120,#1121,#955,.T.);
#1392=EDGE_CURVE('',#1121,#1122,#467,.T.);
#1393=EDGE_CURVE('',#1122,#1123,#956,.T.);
#1394=EDGE_CURVE('',#1123,#1116,#468,.T.);
#1395=EDGE_CURVE('',#1124,#1125,#957,.T.);
#1396=EDGE_CURVE('',#1125,#1126,#469,.T.);
#1397=EDGE_CURVE('',#1126,#1127,#958,.T.);
#1398=EDGE_CURVE('',#1127,#1128,#470,.T.);
#1399=EDGE_CURVE('',#1128,#1129,#959,.T.);
#1400=EDGE_CURVE('',#1129,#1130,#471,.T.);
#1401=EDGE_CURVE('',#1130,#1131,#960,.T.);
#1402=EDGE_CURVE('',#1131,#1124,#472,.T.);
#1403=EDGE_CURVE('',#1132,#1133,#961,.T.);
#1404=EDGE_CURVE('',#1133,#1134,#473,.T.);
#1405=EDGE_CURVE('',#1134,#1135,#962,.T.);
#1406=EDGE_CURVE('',#1135,#1136,#474,.T.);
#1407=EDGE_CURVE('',#1136,#1137,#963,.T.);
#1408=EDGE_CURVE('',#1137,#1138,#475,.T.);
#1409=EDGE_CURVE('',#1138,#1139,#964,.T.);
#1410=EDGE_CURVE('',#1139,#1132,#476,.T.);
#1411=EDGE_CURVE('',#1140,#1141,#965,.T.);
#1412=EDGE_CURVE('',#1141,#1142,#477,.T.);
#1413=EDGE_CURVE('',#1142,#1143,#966,.T.);
#1414=EDGE_CURVE('',#1143,#1144,#478,.T.);
#1415=EDGE_CURVE('',#1144,#1145,#967,.T.);
#1416=EDGE_CURVE('',#1145,#1146,#479,.T.);
#1417=EDGE_CURVE('',#1146,#1147,#968,.T.);
#1418=EDGE_CURVE('',#1147,#1140,#480,.T.);
#1419=EDGE_CURVE('',#1148,#1148,#969,.T.);
#1420=EDGE_CURVE('',#1149,#1149,#970,.T.);
#1421=EDGE_CURVE('',#1150,#1054,#481,.T.);
#1422=EDGE_CURVE('',#1050,#1064,#482,.T.);
#1423=EDGE_CURVE('',#1051,#1151,#483,.T.);
#1424=EDGE_CURVE('',#1151,#1150,#484,.T.);
#1425=EDGE_CURVE('',#1152,#1153,#971,.T.);
#1426=EDGE_CURVE('',#1153,#1154,#485,.T.);
#1427=EDGE_CURVE('',#1154,#1155,#972,.T.);
#1428=EDGE_CURVE('',#1155,#1156,#486,.T.);
#1429=EDGE_CURVE('',#1156,#1157,#973,.T.);
#1430=EDGE_CURVE('',#1157,#1158,#487,.T.);
#1431=EDGE_CURVE('',#1158,#1159,#974,.T.);
#1432=EDGE_CURVE('',#1159,#1152,#488,.T.);
#1433=EDGE_CURVE('',#1160,#1161,#975,.T.);
#1434=EDGE_CURVE('',#1161,#1162,#489,.T.);
#1435=EDGE_CURVE('',#1162,#1163,#976,.T.);
#1436=EDGE_CURVE('',#1163,#1164,#490,.T.);
#1437=EDGE_CURVE('',#1164,#1165,#977,.T.);
#1438=EDGE_CURVE('',#1165,#1166,#491,.T.);
#1439=EDGE_CURVE('',#1166,#1167,#978,.T.);
#1440=EDGE_CURVE('',#1167,#1160,#492,.T.);
#1441=EDGE_CURVE('',#1168,#1169,#979,.T.);
#1442=EDGE_CURVE('',#1169,#1170,#493,.T.);
#1443=EDGE_CURVE('',#1170,#1171,#980,.T.);
#1444=EDGE_CURVE('',#1171,#1172,#494,.T.);
#1445=EDGE_CURVE('',#1172,#1173,#981,.T.);
#1446=EDGE_CURVE('',#1173,#1174,#495,.T.);
#1447=EDGE_CURVE('',#1174,#1175,#982,.T.);
#1448=EDGE_CURVE('',#1175,#1168,#496,.T.);
#1449=EDGE_CURVE('',#1176,#1176,#983,.T.);
#1450=EDGE_CURVE('',#1177,#1178,#984,.T.);
#1451=EDGE_CURVE('',#1178,#1179,#497,.T.);
#1452=EDGE_CURVE('',#1179,#1180,#985,.T.);
#1453=EDGE_CURVE('',#1180,#1181,#498,.T.);
#1454=EDGE_CURVE('',#1181,#1182,#986,.T.);
#1455=EDGE_CURVE('',#1182,#1183,#499,.T.);
#1456=EDGE_CURVE('',#1183,#1184,#987,.T.);
#1457=EDGE_CURVE('',#1184,#1177,#500,.T.);
#1458=EDGE_CURVE('',#1185,#1186,#988,.T.);
#1459=EDGE_CURVE('',#1186,#1187,#501,.T.);
#1460=EDGE_CURVE('',#1187,#1188,#989,.T.);
#1461=EDGE_CURVE('',#1188,#1189,#502,.T.);
#1462=EDGE_CURVE('',#1189,#1190,#990,.T.);
#1463=EDGE_CURVE('',#1190,#1191,#503,.T.);
#1464=EDGE_CURVE('',#1191,#1192,#991,.T.);
#1465=EDGE_CURVE('',#1192,#1185,#504,.T.);
#1466=EDGE_CURVE('',#1193,#1193,#992,.T.);
#1467=EDGE_CURVE('',#1091,#1194,#505,.T.);
#1468=EDGE_CURVE('',#1195,#1194,#993,.T.);
#1469=EDGE_CURVE('',#1195,#1196,#506,.T.);
#1470=EDGE_CURVE('',#1088,#1196,#994,.T.);
#1471=EDGE_CURVE('',#1197,#1197,#995,.T.);
#1472=EDGE_CURVE('',#1198,#1199,#996,.T.);
#1473=EDGE_CURVE('',#1200,#1198,#507,.T.);
#1474=EDGE_CURVE('',#1201,#1200,#997,.T.);
#1475=EDGE_CURVE('',#1202,#1201,#508,.T.);
#1476=EDGE_CURVE('',#1203,#1202,#998,.T.);
#1477=EDGE_CURVE('',#1204,#1203,#509,.T.);
#1478=EDGE_CURVE('',#1205,#1204,#999,.T.);
#1479=EDGE_CURVE('',#1199,#1205,#510,.T.);
#1480=EDGE_CURVE('',#1206,#1207,#1000,.T.);
#1481=EDGE_CURVE('',#1208,#1206,#511,.T.);
#1482=EDGE_CURVE('',#1209,#1208,#1001,.T.);
#1483=EDGE_CURVE('',#1210,#1209,#512,.T.);
#1484=EDGE_CURVE('',#1211,#1210,#1002,.T.);
#1485=EDGE_CURVE('',#1212,#1211,#513,.T.);
#1486=EDGE_CURVE('',#1213,#1212,#1003,.T.);
#1487=EDGE_CURVE('',#1207,#1213,#514,.T.);
#1488=EDGE_CURVE('',#1214,#1214,#1004,.T.);
#1489=EDGE_CURVE('',#1215,#1216,#1005,.T.);
#1490=EDGE_CURVE('',#1217,#1215,#515,.T.);
#1491=EDGE_CURVE('',#1218,#1217,#1006,.T.);
#1492=EDGE_CURVE('',#1219,#1218,#516,.T.);
#1493=EDGE_CURVE('',#1220,#1219,#1007,.T.);
#1494=EDGE_CURVE('',#1221,#1220,#517,.T.);
#1495=EDGE_CURVE('',#1222,#1221,#1008,.T.);
#1496=EDGE_CURVE('',#1216,#1222,#518,.T.);
#1497=EDGE_CURVE('',#1223,#1224,#1009,.T.);
#1498=EDGE_CURVE('',#1225,#1223,#519,.T.);
#1499=EDGE_CURVE('',#1226,#1225,#1010,.T.);
#1500=EDGE_CURVE('',#1227,#1226,#520,.T.);
#1501=EDGE_CURVE('',#1228,#1227,#1011,.T.);
#1502=EDGE_CURVE('',#1229,#1228,#521,.T.);
#1503=EDGE_CURVE('',#1230,#1229,#1012,.T.);
#1504=EDGE_CURVE('',#1224,#1230,#522,.T.);
#1505=EDGE_CURVE('',#1231,#1232,#1013,.T.);
#1506=EDGE_CURVE('',#1233,#1231,#523,.T.);
#1507=EDGE_CURVE('',#1234,#1233,#1014,.T.);
#1508=EDGE_CURVE('',#1235,#1234,#524,.T.);
#1509=EDGE_CURVE('',#1236,#1235,#1015,.T.);
#1510=EDGE_CURVE('',#1237,#1236,#525,.T.);
#1511=EDGE_CURVE('',#1238,#1237,#1016,.T.);
#1512=EDGE_CURVE('',#1232,#1238,#526,.T.);
#1513=EDGE_CURVE('',#1239,#1069,#527,.T.);
#1514=EDGE_CURVE('',#1240,#1239,#528,.T.);
#1515=EDGE_CURVE('',#1070,#1240,#529,.T.);
#1516=EDGE_CURVE('',#1241,#1241,#1017,.T.);
#1517=EDGE_CURVE('',#1242,#1242,#1018,.T.);
#1518=EDGE_CURVE('',#1243,#1244,#1019,.T.);
#1519=EDGE_CURVE('',#1245,#1243,#530,.T.);
#1520=EDGE_CURVE('',#1246,#1245,#1020,.T.);
#1521=EDGE_CURVE('',#1247,#1246,#531,.T.);
#1522=EDGE_CURVE('',#1248,#1247,#1021,.T.);
#1523=EDGE_CURVE('',#1249,#1248,#532,.T.);
#1524=EDGE_CURVE('',#1250,#1249,#1022,.T.);
#1525=EDGE_CURVE('',#1244,#1250,#533,.T.);
#1526=EDGE_CURVE('',#1251,#1252,#1023,.T.);
#1527=EDGE_CURVE('',#1253,#1251,#534,.T.);
#1528=EDGE_CURVE('',#1254,#1253,#1024,.T.);
#1529=EDGE_CURVE('',#1255,#1254,#535,.T.);
#1530=EDGE_CURVE('',#1256,#1255,#1025,.T.);
#1531=EDGE_CURVE('',#1257,#1256,#536,.T.);
#1532=EDGE_CURVE('',#1258,#1257,#1026,.T.);
#1533=EDGE_CURVE('',#1252,#1258,#537,.T.);
#1534=EDGE_CURVE('',#1259,#1260,#1027,.T.);
#1535=EDGE_CURVE('',#1261,#1259,#538,.T.);
#1536=EDGE_CURVE('',#1262,#1261,#1028,.T.);
#1537=EDGE_CURVE('',#1263,#1262,#539,.T.);
#1538=EDGE_CURVE('',#1264,#1263,#1029,.T.);
#1539=EDGE_CURVE('',#1265,#1264,#540,.T.);
#1540=EDGE_CURVE('',#1266,#1265,#1030,.T.);
#1541=EDGE_CURVE('',#1260,#1266,#541,.T.);
#1542=EDGE_CURVE('',#1267,#1268,#1031,.T.);
#1543=EDGE_CURVE('',#1269,#1267,#542,.T.);
#1544=EDGE_CURVE('',#1270,#1269,#1032,.T.);
#1545=EDGE_CURVE('',#1271,#1270,#543,.T.);
#1546=EDGE_CURVE('',#1272,#1271,#1033,.T.);
#1547=EDGE_CURVE('',#1273,#1272,#544,.T.);
#1548=EDGE_CURVE('',#1274,#1273,#1034,.T.);
#1549=EDGE_CURVE('',#1268,#1274,#545,.T.);
#1550=EDGE_CURVE('',#1275,#1276,#1035,.T.);
#1551=EDGE_CURVE('',#1277,#1275,#546,.T.);
#1552=EDGE_CURVE('',#1278,#1277,#1036,.T.);
#1553=EDGE_CURVE('',#1279,#1278,#547,.T.);
#1554=EDGE_CURVE('',#1280,#1279,#1037,.T.);
#1555=EDGE_CURVE('',#1281,#1280,#548,.T.);
#1556=EDGE_CURVE('',#1282,#1281,#1038,.T.);
#1557=EDGE_CURVE('',#1276,#1282,#549,.T.);
#1558=EDGE_CURVE('',#1283,#1284,#1039,.T.);
#1559=EDGE_CURVE('',#1285,#1283,#550,.T.);
#1560=EDGE_CURVE('',#1286,#1285,#1040,.T.);
#1561=EDGE_CURVE('',#1287,#1286,#551,.T.);
#1562=EDGE_CURVE('',#1288,#1287,#1041,.T.);
#1563=EDGE_CURVE('',#1289,#1288,#552,.T.);
#1564=EDGE_CURVE('',#1290,#1289,#1042,.T.);
#1565=EDGE_CURVE('',#1284,#1290,#553,.T.);
#1566=EDGE_CURVE('',#1291,#1292,#1043,.T.);
#1567=EDGE_CURVE('',#1293,#1291,#554,.T.);
#1568=EDGE_CURVE('',#1294,#1293,#1044,.T.);
#1569=EDGE_CURVE('',#1295,#1294,#555,.T.);
#1570=EDGE_CURVE('',#1296,#1295,#1045,.T.);
#1571=EDGE_CURVE('',#1297,#1296,#556,.T.);
#1572=EDGE_CURVE('',#1298,#1297,#1046,.T.);
#1573=EDGE_CURVE('',#1292,#1298,#557,.T.);
#1574=EDGE_CURVE('',#1196,#1080,#558,.T.);
#1575=EDGE_CURVE('',#1078,#1195,#559,.T.);
#1576=EDGE_CURVE('',#1194,#1076,#560,.T.);
#1577=EDGE_CURVE('',#1291,#1092,#561,.T.);
#1578=EDGE_CURVE('',#1293,#1099,#562,.T.);
#1579=EDGE_CURVE('',#1294,#1098,#563,.T.);
#1580=EDGE_CURVE('',#1295,#1097,#564,.T.);
#1581=EDGE_CURVE('',#1296,#1096,#565,.T.);
#1582=EDGE_CURVE('',#1297,#1095,#566,.T.);
#1583=EDGE_CURVE('',#1298,#1094,#567,.T.);
#1584=EDGE_CURVE('',#1292,#1093,#568,.T.);
#1585=EDGE_CURVE('',#1283,#1100,#569,.T.);
#1586=EDGE_CURVE('',#1285,#1107,#570,.T.);
#1587=EDGE_CURVE('',#1286,#1106,#571,.T.);
#1588=EDGE_CURVE('',#1287,#1105,#572,.T.);
#1589=EDGE_CURVE('',#1288,#1104,#573,.T.);
#1590=EDGE_CURVE('',#1289,#1103,#574,.T.);
#1591=EDGE_CURVE('',#1290,#1102,#575,.T.);
#1592=EDGE_CURVE('',#1284,#1101,#576,.T.);
#1593=EDGE_CURVE('',#1275,#1108,#577,.T.);
#1594=EDGE_CURVE('',#1277,#1115,#578,.T.);
#1595=EDGE_CURVE('',#1278,#1114,#579,.T.);
#1596=EDGE_CURVE('',#1279,#1113,#580,.T.);
#1597=EDGE_CURVE('',#1280,#1112,#581,.T.);
#1598=EDGE_CURVE('',#1281,#1111,#582,.T.);
#1599=EDGE_CURVE('',#1282,#1110,#583,.T.);
#1600=EDGE_CURVE('',#1276,#1109,#584,.T.);
#1601=EDGE_CURVE('',#1267,#1116,#585,.T.);
#1602=EDGE_CURVE('',#1269,#1123,#586,.T.);
#1603=EDGE_CURVE('',#1270,#1122,#587,.T.);
#1604=EDGE_CURVE('',#1271,#1121,#588,.T.);
#1605=EDGE_CURVE('',#1272,#1120,#589,.T.);
#1606=EDGE_CURVE('',#1273,#1119,#590,.T.);
#1607=EDGE_CURVE('',#1274,#1118,#591,.T.);
#1608=EDGE_CURVE('',#1268,#1117,#592,.T.);
#1609=EDGE_CURVE('',#1259,#1124,#593,.T.);
#1610=EDGE_CURVE('',#1261,#1131,#594,.T.);
#1611=EDGE_CURVE('',#1262,#1130,#595,.T.);
#1612=EDGE_CURVE('',#1263,#1129,#596,.T.);
#1613=EDGE_CURVE('',#1264,#1128,#597,.T.);
#1614=EDGE_CURVE('',#1265,#1127,#598,.T.);
#1615=EDGE_CURVE('',#1266,#1126,#599,.T.);
#1616=EDGE_CURVE('',#1260,#1125,#600,.T.);
#1617=EDGE_CURVE('',#1251,#1132,#601,.T.);
#1618=EDGE_CURVE('',#1253,#1139,#602,.T.);
#1619=EDGE_CURVE('',#1254,#1138,#603,.T.);
#1620=EDGE_CURVE('',#1255,#1137,#604,.T.);
#1621=EDGE_CURVE('',#1256,#1136,#605,.T.);
#1622=EDGE_CURVE('',#1257,#1135,#606,.T.);
#1623=EDGE_CURVE('',#1258,#1134,#607,.T.);
#1624=EDGE_CURVE('',#1252,#1133,#608,.T.);
#1625=EDGE_CURVE('',#1243,#1140,#609,.T.);
#1626=EDGE_CURVE('',#1245,#1147,#610,.T.);
#1627=EDGE_CURVE('',#1246,#1146,#611,.T.);
#1628=EDGE_CURVE('',#1247,#1145,#612,.T.);
#1629=EDGE_CURVE('',#1248,#1144,#613,.T.);
#1630=EDGE_CURVE('',#1249,#1143,#614,.T.);
#1631=EDGE_CURVE('',#1250,#1142,#615,.T.);
#1632=EDGE_CURVE('',#1244,#1141,#616,.T.);
#1633=EDGE_CURVE('',#1148,#1242,#617,.T.);
#1634=EDGE_CURVE('',#1149,#1241,#618,.T.);
#1635=EDGE_CURVE('',#1239,#1150,#619,.T.);
#1636=EDGE_CURVE('',#1240,#1151,#620,.T.);
#1637=EDGE_CURVE('',#1068,#1056,#621,.T.);
#1638=EDGE_CURVE('',#1055,#1067,#622,.T.);
#1639=EDGE_CURVE('',#1231,#1152,#623,.T.);
#1640=EDGE_CURVE('',#1233,#1159,#624,.T.);
#1641=EDGE_CURVE('',#1234,#1158,#625,.T.);
#1642=EDGE_CURVE('',#1235,#1157,#626,.T.);
#1643=EDGE_CURVE('',#1236,#1156,#627,.T.);
#1644=EDGE_CURVE('',#1237,#1155,#628,.T.);
#1645=EDGE_CURVE('',#1238,#1154,#629,.T.);
#1646=EDGE_CURVE('',#1232,#1153,#630,.T.);
#1647=EDGE_CURVE('',#1223,#1160,#631,.T.);
#1648=EDGE_CURVE('',#1225,#1167,#632,.T.);
#1649=EDGE_CURVE('',#1226,#1166,#633,.T.);
#1650=EDGE_CURVE('',#1227,#1165,#634,.T.);
#1651=EDGE_CURVE('',#1228,#1164,#635,.T.);
#1652=EDGE_CURVE('',#1229,#1163,#636,.T.);
#1653=EDGE_CURVE('',#1230,#1162,#637,.T.);
#1654=EDGE_CURVE('',#1224,#1161,#638,.T.);
#1655=EDGE_CURVE('',#1215,#1168,#639,.T.);
#1656=EDGE_CURVE('',#1217,#1175,#640,.T.);
#1657=EDGE_CURVE('',#1218,#1174,#641,.T.);
#1658=EDGE_CURVE('',#1219,#1173,#642,.T.);
#1659=EDGE_CURVE('',#1220,#1172,#643,.T.);
#1660=EDGE_CURVE('',#1221,#1171,#644,.T.);
#1661=EDGE_CURVE('',#1222,#1170,#645,.T.);
#1662=EDGE_CURVE('',#1216,#1169,#646,.T.);
#1663=EDGE_CURVE('',#1176,#1214,#647,.T.);
#1664=EDGE_CURVE('',#1206,#1177,#648,.T.);
#1665=EDGE_CURVE('',#1208,#1184,#649,.T.);
#1666=EDGE_CURVE('',#1209,#1183,#650,.T.);
#1667=EDGE_CURVE('',#1210,#1182,#651,.T.);
#1668=EDGE_CURVE('',#1211,#1181,#652,.T.);
#1669=EDGE_CURVE('',#1212,#1180,#653,.T.);
#1670=EDGE_CURVE('',#1213,#1179,#654,.T.);
#1671=EDGE_CURVE('',#1207,#1178,#655,.T.);
#1672=EDGE_CURVE('',#1198,#1185,#656,.T.);
#1673=EDGE_CURVE('',#1200,#1192,#657,.T.);
#1674=EDGE_CURVE('',#1201,#1191,#658,.T.);
#1675=EDGE_CURVE('',#1202,#1190,#659,.T.);
#1676=EDGE_CURVE('',#1203,#1189,#660,.T.);
#1677=EDGE_CURVE('',#1204,#1188,#661,.T.);
#1678=EDGE_CURVE('',#1205,#1187,#662,.T.);
#1679=EDGE_CURVE('',#1199,#1186,#663,.T.);
#1680=EDGE_CURVE('',#1193,#1197,#664,.T.);
#1681=ORIENTED_EDGE('',*,*,#1299,.T.);
#1682=ORIENTED_EDGE('',*,*,#1300,.T.);
#1683=ORIENTED_EDGE('',*,*,#1301,.T.);
#1684=ORIENTED_EDGE('',*,*,#1302,.T.);
#1685=ORIENTED_EDGE('',*,*,#1303,.F.);
#1686=ORIENTED_EDGE('',*,*,#1300,.F.);
#1687=ORIENTED_EDGE('',*,*,#1304,.F.);
#1688=ORIENTED_EDGE('',*,*,#1305,.F.);
#1689=ORIENTED_EDGE('',*,*,#1306,.F.);
#1690=ORIENTED_EDGE('',*,*,#1307,.F.);
#1691=ORIENTED_EDGE('',*,*,#1308,.F.);
#1692=ORIENTED_EDGE('',*,*,#1309,.T.);
#1693=ORIENTED_EDGE('',*,*,#1299,.F.);
#1694=ORIENTED_EDGE('',*,*,#1310,.T.);
#1695=ORIENTED_EDGE('',*,*,#1311,.F.);
#1696=ORIENTED_EDGE('',*,*,#1312,.T.);
#1697=ORIENTED_EDGE('',*,*,#1313,.F.);
#1698=ORIENTED_EDGE('',*,*,#1314,.T.);
#1699=ORIENTED_EDGE('',*,*,#1315,.F.);
#1700=ORIENTED_EDGE('',*,*,#1304,.T.);
#1701=ORIENTED_EDGE('',*,*,#1315,.T.);
#1702=ORIENTED_EDGE('',*,*,#1316,.T.);
#1703=ORIENTED_EDGE('',*,*,#1317,.F.);
#1704=ORIENTED_EDGE('',*,*,#1305,.T.);
#1705=ORIENTED_EDGE('',*,*,#1316,.F.);
#1706=ORIENTED_EDGE('',*,*,#1314,.F.);
#1707=ORIENTED_EDGE('',*,*,#1318,.F.);
#1708=ORIENTED_EDGE('',*,*,#1319,.T.);
#1709=ORIENTED_EDGE('',*,*,#1311,.T.);
#1710=ORIENTED_EDGE('',*,*,#1320,.T.);
#1711=ORIENTED_EDGE('',*,*,#1321,.T.);
#1712=ORIENTED_EDGE('',*,*,#1322,.T.);
#1713=ORIENTED_EDGE('',*,*,#1322,.F.);
#1714=ORIENTED_EDGE('',*,*,#1323,.T.);
#1715=ORIENTED_EDGE('',*,*,#1324,.F.);
#1716=ORIENTED_EDGE('',*,*,#1312,.F.);
#1717=ORIENTED_EDGE('',*,*,#1313,.T.);
#1718=ORIENTED_EDGE('',*,*,#1324,.T.);
#1719=ORIENTED_EDGE('',*,*,#1325,.T.);
#1720=ORIENTED_EDGE('',*,*,#1318,.T.);
#1721=ORIENTED_EDGE('',*,*,#1326,.F.);
#1722=ORIENTED_EDGE('',*,*,#1327,.F.);
#1723=ORIENTED_EDGE('',*,*,#1328,.T.);
#1724=ORIENTED_EDGE('',*,*,#1329,.T.);
#1725=ORIENTED_EDGE('',*,*,#1330,.T.);
#1726=ORIENTED_EDGE('',*,*,#1331,.T.);
#1727=ORIENTED_EDGE('',*,*,#1332,.T.);
#1728=ORIENTED_EDGE('',*,*,#1333,.T.);
#1729=ORIENTED_EDGE('',*,*,#1334,.T.);
#1730=ORIENTED_EDGE('',*,*,#1335,.T.);
#1731=ORIENTED_EDGE('',*,*,#1332,.F.);
#1732=ORIENTED_EDGE('',*,*,#1336,.T.);
#1733=ORIENTED_EDGE('',*,*,#1337,.T.);
#1734=ORIENTED_EDGE('',*,*,#1338,.T.);
#1735=ORIENTED_EDGE('',*,*,#1334,.F.);
#1736=ORIENTED_EDGE('',*,*,#1339,.T.);
#1737=ORIENTED_EDGE('',*,*,#1340,.T.);
#1738=ORIENTED_EDGE('',*,*,#1341,.T.);
#1739=ORIENTED_EDGE('',*,*,#1337,.F.);
#1740=ORIENTED_EDGE('',*,*,#1342,.T.);
#1741=ORIENTED_EDGE('',*,*,#1343,.T.);
#1742=ORIENTED_EDGE('',*,*,#1344,.T.);
#1743=ORIENTED_EDGE('',*,*,#1340,.F.);
#1744=ORIENTED_EDGE('',*,*,#1345,.T.);
#1745=ORIENTED_EDGE('',*,*,#1346,.T.);
#1746=ORIENTED_EDGE('',*,*,#1347,.T.);
#1747=ORIENTED_EDGE('',*,*,#1343,.F.);
#1748=ORIENTED_EDGE('',*,*,#1348,.T.);
#1749=ORIENTED_EDGE('',*,*,#1349,.T.);
#1750=ORIENTED_EDGE('',*,*,#1350,.T.);
#1751=ORIENTED_EDGE('',*,*,#1346,.F.);
#1752=ORIENTED_EDGE('',*,*,#1351,.T.);
#1753=ORIENTED_EDGE('',*,*,#1349,.F.);
#1754=ORIENTED_EDGE('',*,*,#1352,.T.);
#1755=ORIENTED_EDGE('',*,*,#1330,.F.);
#1756=ORIENTED_EDGE('',*,*,#1353,.T.);
#1757=ORIENTED_EDGE('',*,*,#1347,.F.);
#1758=ORIENTED_EDGE('',*,*,#1354,.F.);
#1759=ORIENTED_EDGE('',*,*,#1355,.F.);
#1760=ORIENTED_EDGE('',*,*,#1356,.F.);
#1761=ORIENTED_EDGE('',*,*,#1350,.F.);
#1762=ORIENTED_EDGE('',*,*,#1357,.T.);
#1763=ORIENTED_EDGE('',*,*,#1358,.T.);
#1764=ORIENTED_EDGE('',*,*,#1354,.T.);
#1765=ORIENTED_EDGE('',*,*,#1353,.F.);
#1766=ORIENTED_EDGE('',*,*,#1359,.F.);
#1767=ORIENTED_EDGE('',*,*,#1360,.F.);
#1768=ORIENTED_EDGE('',*,*,#1357,.F.);
#1769=ORIENTED_EDGE('',*,*,#1333,.F.);
#1770=ORIENTED_EDGE('',*,*,#1361,.T.);
#1771=ORIENTED_EDGE('',*,*,#1362,.T.);
#1772=ORIENTED_EDGE('',*,*,#1359,.T.);
#1773=ORIENTED_EDGE('',*,*,#1331,.F.);
#1774=ORIENTED_EDGE('',*,*,#1352,.F.);
#1775=ORIENTED_EDGE('',*,*,#1351,.F.);
#1776=ORIENTED_EDGE('',*,*,#1348,.F.);
#1777=ORIENTED_EDGE('',*,*,#1345,.F.);
#1778=ORIENTED_EDGE('',*,*,#1342,.F.);
#1779=ORIENTED_EDGE('',*,*,#1339,.F.);
#1780=ORIENTED_EDGE('',*,*,#1336,.F.);
#1781=ORIENTED_EDGE('',*,*,#1363,.T.);
#1782=ORIENTED_EDGE('',*,*,#1364,.T.);
#1783=ORIENTED_EDGE('',*,*,#1365,.T.);
#1784=ORIENTED_EDGE('',*,*,#1366,.T.);
#1785=ORIENTED_EDGE('',*,*,#1367,.T.);
#1786=ORIENTED_EDGE('',*,*,#1368,.T.);
#1787=ORIENTED_EDGE('',*,*,#1369,.T.);
#1788=ORIENTED_EDGE('',*,*,#1370,.T.);
#1789=ORIENTED_EDGE('',*,*,#1371,.T.);
#1790=ORIENTED_EDGE('',*,*,#1372,.T.);
#1791=ORIENTED_EDGE('',*,*,#1373,.T.);
#1792=ORIENTED_EDGE('',*,*,#1374,.T.);
#1793=ORIENTED_EDGE('',*,*,#1375,.T.);
#1794=ORIENTED_EDGE('',*,*,#1376,.T.);
#1795=ORIENTED_EDGE('',*,*,#1377,.T.);
#1796=ORIENTED_EDGE('',*,*,#1378,.T.);
#1797=ORIENTED_EDGE('',*,*,#1379,.T.);
#1798=ORIENTED_EDGE('',*,*,#1380,.T.);
#1799=ORIENTED_EDGE('',*,*,#1381,.T.);
#1800=ORIENTED_EDGE('',*,*,#1382,.T.);
#1801=ORIENTED_EDGE('',*,*,#1383,.T.);
#1802=ORIENTED_EDGE('',*,*,#1384,.T.);
#1803=ORIENTED_EDGE('',*,*,#1385,.T.);
#1804=ORIENTED_EDGE('',*,*,#1386,.T.);
#1805=ORIENTED_EDGE('',*,*,#1387,.T.);
#1806=ORIENTED_EDGE('',*,*,#1388,.T.);
#1807=ORIENTED_EDGE('',*,*,#1389,.T.);
#1808=ORIENTED_EDGE('',*,*,#1390,.T.);
#1809=ORIENTED_EDGE('',*,*,#1391,.T.);
#1810=ORIENTED_EDGE('',*,*,#1392,.T.);
#1811=ORIENTED_EDGE('',*,*,#1393,.T.);
#1812=ORIENTED_EDGE('',*,*,#1394,.T.);
#1813=ORIENTED_EDGE('',*,*,#1395,.T.);
#1814=ORIENTED_EDGE('',*,*,#1396,.T.);
#1815=ORIENTED_EDGE('',*,*,#1397,.T.);
#1816=ORIENTED_EDGE('',*,*,#1398,.T.);
#1817=ORIENTED_EDGE('',*,*,#1399,.T.);
#1818=ORIENTED_EDGE('',*,*,#1400,.T.);
#1819=ORIENTED_EDGE('',*,*,#1401,.T.);
#1820=ORIENTED_EDGE('',*,*,#1402,.T.);
#1821=ORIENTED_EDGE('',*,*,#1403,.T.);
#1822=ORIENTED_EDGE('',*,*,#1404,.T.);
#1823=ORIENTED_EDGE('',*,*,#1405,.T.);
#1824=ORIENTED_EDGE('',*,*,#1406,.T.);
#1825=ORIENTED_EDGE('',*,*,#1407,.T.);
#1826=ORIENTED_EDGE('',*,*,#1408,.T.);
#1827=ORIENTED_EDGE('',*,*,#1409,.T.);
#1828=ORIENTED_EDGE('',*,*,#1410,.T.);
#1829=ORIENTED_EDGE('',*,*,#1411,.T.);
#1830=ORIENTED_EDGE('',*,*,#1412,.T.);
#1831=ORIENTED_EDGE('',*,*,#1413,.T.);
#1832=ORIENTED_EDGE('',*,*,#1414,.T.);
#1833=ORIENTED_EDGE('',*,*,#1415,.T.);
#1834=ORIENTED_EDGE('',*,*,#1416,.T.);
#1835=ORIENTED_EDGE('',*,*,#1417,.T.);
#1836=ORIENTED_EDGE('',*,*,#1418,.T.);
#1837=ORIENTED_EDGE('',*,*,#1419,.T.);
#1838=ORIENTED_EDGE('',*,*,#1420,.T.);
#1839=ORIENTED_EDGE('',*,*,#1421,.T.);
#1840=ORIENTED_EDGE('',*,*,#1306,.T.);
#1841=ORIENTED_EDGE('',*,*,#1317,.T.);
#1842=ORIENTED_EDGE('',*,*,#1319,.F.);
#1843=ORIENTED_EDGE('',*,*,#1325,.F.);
#1844=ORIENTED_EDGE('',*,*,#1323,.F.);
#1845=ORIENTED_EDGE('',*,*,#1321,.F.);
#1846=ORIENTED_EDGE('',*,*,#1422,.F.);
#1847=ORIENTED_EDGE('',*,*,#1301,.F.);
#1848=ORIENTED_EDGE('',*,*,#1303,.T.);
#1849=ORIENTED_EDGE('',*,*,#1423,.T.);
#1850=ORIENTED_EDGE('',*,*,#1424,.T.);
#1851=ORIENTED_EDGE('',*,*,#1425,.T.);
#1852=ORIENTED_EDGE('',*,*,#1426,.T.);
#1853=ORIENTED_EDGE('',*,*,#1427,.T.);
#1854=ORIENTED_EDGE('',*,*,#1428,.T.);
#1855=ORIENTED_EDGE('',*,*,#1429,.T.);
#1856=ORIENTED_EDGE('',*,*,#1430,.T.);
#1857=ORIENTED_EDGE('',*,*,#1431,.T.);
#1858=ORIENTED_EDGE('',*,*,#1432,.T.);
#1859=ORIENTED_EDGE('',*,*,#1433,.T.);
#1860=ORIENTED_EDGE('',*,*,#1434,.T.);
#1861=ORIENTED_EDGE('',*,*,#1435,.T.);
#1862=ORIENTED_EDGE('',*,*,#1436,.T.);
#1863=ORIENTED_EDGE('',*,*,#1437,.T.);
#1864=ORIENTED_EDGE('',*,*,#1438,.T.);
#1865=ORIENTED_EDGE('',*,*,#1439,.T.);
#1866=ORIENTED_EDGE('',*,*,#1440,.T.);
#1867=ORIENTED_EDGE('',*,*,#1441,.T.);
#1868=ORIENTED_EDGE('',*,*,#1442,.T.);
#1869=ORIENTED_EDGE('',*,*,#1443,.T.);
#1870=ORIENTED_EDGE('',*,*,#1444,.T.);
#1871=ORIENTED_EDGE('',*,*,#1445,.T.);
#1872=ORIENTED_EDGE('',*,*,#1446,.T.);
#1873=ORIENTED_EDGE('',*,*,#1447,.T.);
#1874=ORIENTED_EDGE('',*,*,#1448,.T.);
#1875=ORIENTED_EDGE('',*,*,#1449,.T.);
#1876=ORIENTED_EDGE('',*,*,#1450,.T.);
#1877=ORIENTED_EDGE('',*,*,#1451,.T.);
#1878=ORIENTED_EDGE('',*,*,#1452,.T.);
#1879=ORIENTED_EDGE('',*,*,#1453,.T.);
#1880=ORIENTED_EDGE('',*,*,#1454,.T.);
#1881=ORIENTED_EDGE('',*,*,#1455,.T.);
#1882=ORIENTED_EDGE('',*,*,#1456,.T.);
#1883=ORIENTED_EDGE('',*,*,#1457,.T.);
#1884=ORIENTED_EDGE('',*,*,#1458,.T.);
#1885=ORIENTED_EDGE('',*,*,#1459,.T.);
#1886=ORIENTED_EDGE('',*,*,#1460,.T.);
#1887=ORIENTED_EDGE('',*,*,#1461,.T.);
#1888=ORIENTED_EDGE('',*,*,#1462,.T.);
#1889=ORIENTED_EDGE('',*,*,#1463,.T.);
#1890=ORIENTED_EDGE('',*,*,#1464,.T.);
#1891=ORIENTED_EDGE('',*,*,#1465,.T.);
#1892=ORIENTED_EDGE('',*,*,#1466,.T.);
#1893=ORIENTED_EDGE('',*,*,#1362,.F.);
#1894=ORIENTED_EDGE('',*,*,#1467,.T.);
#1895=ORIENTED_EDGE('',*,*,#1468,.F.);
#1896=ORIENTED_EDGE('',*,*,#1469,.T.);
#1897=ORIENTED_EDGE('',*,*,#1470,.F.);
#1898=ORIENTED_EDGE('',*,*,#1355,.T.);
#1899=ORIENTED_EDGE('',*,*,#1358,.F.);
#1900=ORIENTED_EDGE('',*,*,#1360,.T.);
#1901=ORIENTED_EDGE('',*,*,#1471,.F.);
#1902=ORIENTED_EDGE('',*,*,#1472,.F.);
#1903=ORIENTED_EDGE('',*,*,#1473,.F.);
#1904=ORIENTED_EDGE('',*,*,#1474,.F.);
#1905=ORIENTED_EDGE('',*,*,#1475,.F.);
#1906=ORIENTED_EDGE('',*,*,#1476,.F.);
#1907=ORIENTED_EDGE('',*,*,#1477,.F.);
#1908=ORIENTED_EDGE('',*,*,#1478,.F.);
#1909=ORIENTED_EDGE('',*,*,#1479,.F.);
#1910=ORIENTED_EDGE('',*,*,#1480,.F.);
#1911=ORIENTED_EDGE('',*,*,#1481,.F.);
#1912=ORIENTED_EDGE('',*,*,#1482,.F.);
#1913=ORIENTED_EDGE('',*,*,#1483,.F.);
#1914=ORIENTED_EDGE('',*,*,#1484,.F.);
#1915=ORIENTED_EDGE('',*,*,#1485,.F.);
#1916=ORIENTED_EDGE('',*,*,#1486,.F.);
#1917=ORIENTED_EDGE('',*,*,#1487,.F.);
#1918=ORIENTED_EDGE('',*,*,#1488,.F.);
#1919=ORIENTED_EDGE('',*,*,#1489,.F.);
#1920=ORIENTED_EDGE('',*,*,#1490,.F.);
#1921=ORIENTED_EDGE('',*,*,#1491,.F.);
#1922=ORIENTED_EDGE('',*,*,#1492,.F.);
#1923=ORIENTED_EDGE('',*,*,#1493,.F.);
#1924=ORIENTED_EDGE('',*,*,#1494,.F.);
#1925=ORIENTED_EDGE('',*,*,#1495,.F.);
#1926=ORIENTED_EDGE('',*,*,#1496,.F.);
#1927=ORIENTED_EDGE('',*,*,#1497,.F.);
#1928=ORIENTED_EDGE('',*,*,#1498,.F.);
#1929=ORIENTED_EDGE('',*,*,#1499,.F.);
#1930=ORIENTED_EDGE('',*,*,#1500,.F.);
#1931=ORIENTED_EDGE('',*,*,#1501,.F.);
#1932=ORIENTED_EDGE('',*,*,#1502,.F.);
#1933=ORIENTED_EDGE('',*,*,#1503,.F.);
#1934=ORIENTED_EDGE('',*,*,#1504,.F.);
#1935=ORIENTED_EDGE('',*,*,#1505,.F.);
#1936=ORIENTED_EDGE('',*,*,#1506,.F.);
#1937=ORIENTED_EDGE('',*,*,#1507,.F.);
#1938=ORIENTED_EDGE('',*,*,#1508,.F.);
#1939=ORIENTED_EDGE('',*,*,#1509,.F.);
#1940=ORIENTED_EDGE('',*,*,#1510,.F.);
#1941=ORIENTED_EDGE('',*,*,#1511,.F.);
#1942=ORIENTED_EDGE('',*,*,#1512,.F.);
#1943=ORIENTED_EDGE('',*,*,#1513,.F.);
#1944=ORIENTED_EDGE('',*,*,#1514,.F.);
#1945=ORIENTED_EDGE('',*,*,#1515,.F.);
#1946=ORIENTED_EDGE('',*,*,#1328,.F.);
#1947=ORIENTED_EDGE('',*,*,#1516,.F.);
#1948=ORIENTED_EDGE('',*,*,#1517,.F.);
#1949=ORIENTED_EDGE('',*,*,#1518,.F.);
#1950=ORIENTED_EDGE('',*,*,#1519,.F.);
#1951=ORIENTED_EDGE('',*,*,#1520,.F.);
#1952=ORIENTED_EDGE('',*,*,#1521,.F.);
#1953=ORIENTED_EDGE('',*,*,#1522,.F.);
#1954=ORIENTED_EDGE('',*,*,#1523,.F.);
#1955=ORIENTED_EDGE('',*,*,#1524,.F.);
#1956=ORIENTED_EDGE('',*,*,#1525,.F.);
#1957=ORIENTED_EDGE('',*,*,#1526,.F.);
#1958=ORIENTED_EDGE('',*,*,#1527,.F.);
#1959=ORIENTED_EDGE('',*,*,#1528,.F.);
#1960=ORIENTED_EDGE('',*,*,#1529,.F.);
#1961=ORIENTED_EDGE('',*,*,#1530,.F.);
#1962=ORIENTED_EDGE('',*,*,#1531,.F.);
#1963=ORIENTED_EDGE('',*,*,#1532,.F.);
#1964=ORIENTED_EDGE('',*,*,#1533,.F.);
#1965=ORIENTED_EDGE('',*,*,#1534,.F.);
#1966=ORIENTED_EDGE('',*,*,#1535,.F.);
#1967=ORIENTED_EDGE('',*,*,#1536,.F.);
#1968=ORIENTED_EDGE('',*,*,#1537,.F.);
#1969=ORIENTED_EDGE('',*,*,#1538,.F.);
#1970=ORIENTED_EDGE('',*,*,#1539,.F.);
#1971=ORIENTED_EDGE('',*,*,#1540,.F.);
#1972=ORIENTED_EDGE('',*,*,#1541,.F.);
#1973=ORIENTED_EDGE('',*,*,#1542,.F.);
#1974=ORIENTED_EDGE('',*,*,#1543,.F.);
#1975=ORIENTED_EDGE('',*,*,#1544,.F.);
#1976=ORIENTED_EDGE('',*,*,#1545,.F.);
#1977=ORIENTED_EDGE('',*,*,#1546,.F.);
#1978=ORIENTED_EDGE('',*,*,#1547,.F.);
#1979=ORIENTED_EDGE('',*,*,#1548,.F.);
#1980=ORIENTED_EDGE('',*,*,#1549,.F.);
#1981=ORIENTED_EDGE('',*,*,#1550,.F.);
#1982=ORIENTED_EDGE('',*,*,#1551,.F.);
#1983=ORIENTED_EDGE('',*,*,#1552,.F.);
#1984=ORIENTED_EDGE('',*,*,#1553,.F.);
#1985=ORIENTED_EDGE('',*,*,#1554,.F.);
#1986=ORIENTED_EDGE('',*,*,#1555,.F.);
#1987=ORIENTED_EDGE('',*,*,#1556,.F.);
#1988=ORIENTED_EDGE('',*,*,#1557,.F.);
#1989=ORIENTED_EDGE('',*,*,#1558,.F.);
#1990=ORIENTED_EDGE('',*,*,#1559,.F.);
#1991=ORIENTED_EDGE('',*,*,#1560,.F.);
#1992=ORIENTED_EDGE('',*,*,#1561,.F.);
#1993=ORIENTED_EDGE('',*,*,#1562,.F.);
#1994=ORIENTED_EDGE('',*,*,#1563,.F.);
#1995=ORIENTED_EDGE('',*,*,#1564,.F.);
#1996=ORIENTED_EDGE('',*,*,#1565,.F.);
#1997=ORIENTED_EDGE('',*,*,#1566,.F.);
#1998=ORIENTED_EDGE('',*,*,#1567,.F.);
#1999=ORIENTED_EDGE('',*,*,#1568,.F.);
#2000=ORIENTED_EDGE('',*,*,#1569,.F.);
#2001=ORIENTED_EDGE('',*,*,#1570,.F.);
#2002=ORIENTED_EDGE('',*,*,#1571,.F.);
#2003=ORIENTED_EDGE('',*,*,#1572,.F.);
#2004=ORIENTED_EDGE('',*,*,#1573,.F.);
#2005=ORIENTED_EDGE('',*,*,#1344,.F.);
#2006=ORIENTED_EDGE('',*,*,#1356,.T.);
#2007=ORIENTED_EDGE('',*,*,#1470,.T.);
#2008=ORIENTED_EDGE('',*,*,#1574,.T.);
#2009=ORIENTED_EDGE('',*,*,#1341,.F.);
#2010=ORIENTED_EDGE('',*,*,#1574,.F.);
#2011=ORIENTED_EDGE('',*,*,#1469,.F.);
#2012=ORIENTED_EDGE('',*,*,#1575,.F.);
#2013=ORIENTED_EDGE('',*,*,#1338,.F.);
#2014=ORIENTED_EDGE('',*,*,#1575,.T.);
#2015=ORIENTED_EDGE('',*,*,#1468,.T.);
#2016=ORIENTED_EDGE('',*,*,#1576,.T.);
#2017=ORIENTED_EDGE('',*,*,#1567,.T.);
#2018=ORIENTED_EDGE('',*,*,#1577,.T.);
#2019=ORIENTED_EDGE('',*,*,#1370,.F.);
#2020=ORIENTED_EDGE('',*,*,#1578,.F.);
#2021=ORIENTED_EDGE('',*,*,#1568,.T.);
#2022=ORIENTED_EDGE('',*,*,#1578,.T.);
#2023=ORIENTED_EDGE('',*,*,#1369,.F.);
#2024=ORIENTED_EDGE('',*,*,#1579,.F.);
#2025=ORIENTED_EDGE('',*,*,#1569,.T.);
#2026=ORIENTED_EDGE('',*,*,#1579,.T.);
#2027=ORIENTED_EDGE('',*,*,#1368,.F.);
#2028=ORIENTED_EDGE('',*,*,#1580,.F.);
#2029=ORIENTED_EDGE('',*,*,#1570,.T.);
#2030=ORIENTED_EDGE('',*,*,#1580,.T.);
#2031=ORIENTED_EDGE('',*,*,#1367,.F.);
#2032=ORIENTED_EDGE('',*,*,#1581,.F.);
#2033=ORIENTED_EDGE('',*,*,#1571,.T.);
#2034=ORIENTED_EDGE('',*,*,#1581,.T.);
#2035=ORIENTED_EDGE('',*,*,#1366,.F.);
#2036=ORIENTED_EDGE('',*,*,#1582,.F.);
#2037=ORIENTED_EDGE('',*,*,#1572,.T.);
#2038=ORIENTED_EDGE('',*,*,#1582,.T.);
#2039=ORIENTED_EDGE('',*,*,#1365,.F.);
#2040=ORIENTED_EDGE('',*,*,#1583,.F.);
#2041=ORIENTED_EDGE('',*,*,#1573,.T.);
#2042=ORIENTED_EDGE('',*,*,#1583,.T.);
#2043=ORIENTED_EDGE('',*,*,#1364,.F.);
#2044=ORIENTED_EDGE('',*,*,#1584,.F.);
#2045=ORIENTED_EDGE('',*,*,#1566,.T.);
#2046=ORIENTED_EDGE('',*,*,#1584,.T.);
#2047=ORIENTED_EDGE('',*,*,#1363,.F.);
#2048=ORIENTED_EDGE('',*,*,#1577,.F.);
#2049=ORIENTED_EDGE('',*,*,#1559,.T.);
#2050=ORIENTED_EDGE('',*,*,#1585,.T.);
#2051=ORIENTED_EDGE('',*,*,#1378,.F.);
#2052=ORIENTED_EDGE('',*,*,#1586,.F.);
#2053=ORIENTED_EDGE('',*,*,#1560,.T.);
#2054=ORIENTED_EDGE('',*,*,#1586,.T.);
#2055=ORIENTED_EDGE('',*,*,#1377,.F.);
#2056=ORIENTED_EDGE('',*,*,#1587,.F.);
#2057=ORIENTED_EDGE('',*,*,#1561,.T.);
#2058=ORIENTED_EDGE('',*,*,#1587,.T.);
#2059=ORIENTED_EDGE('',*,*,#1376,.F.);
#2060=ORIENTED_EDGE('',*,*,#1588,.F.);
#2061=ORIENTED_EDGE('',*,*,#1562,.T.);
#2062=ORIENTED_EDGE('',*,*,#1588,.T.);
#2063=ORIENTED_EDGE('',*,*,#1375,.F.);
#2064=ORIENTED_EDGE('',*,*,#1589,.F.);
#2065=ORIENTED_EDGE('',*,*,#1563,.T.);
#2066=ORIENTED_EDGE('',*,*,#1589,.T.);
#2067=ORIENTED_EDGE('',*,*,#1374,.F.);
#2068=ORIENTED_EDGE('',*,*,#1590,.F.);
#2069=ORIENTED_EDGE('',*,*,#1564,.T.);
#2070=ORIENTED_EDGE('',*,*,#1590,.T.);
#2071=ORIENTED_EDGE('',*,*,#1373,.F.);
#2072=ORIENTED_EDGE('',*,*,#1591,.F.);
#2073=ORIENTED_EDGE('',*,*,#1565,.T.);
#2074=ORIENTED_EDGE('',*,*,#1591,.T.);
#2075=ORIENTED_EDGE('',*,*,#1372,.F.);
#2076=ORIENTED_EDGE('',*,*,#1592,.F.);
#2077=ORIENTED_EDGE('',*,*,#1558,.T.);
#2078=ORIENTED_EDGE('',*,*,#1592,.T.);
#2079=ORIENTED_EDGE('',*,*,#1371,.F.);
#2080=ORIENTED_EDGE('',*,*,#1585,.F.);
#2081=ORIENTED_EDGE('',*,*,#1551,.T.);
#2082=ORIENTED_EDGE('',*,*,#1593,.T.);
#2083=ORIENTED_EDGE('',*,*,#1386,.F.);
#2084=ORIENTED_EDGE('',*,*,#1594,.F.);
#2085=ORIENTED_EDGE('',*,*,#1552,.T.);
#2086=ORIENTED_EDGE('',*,*,#1594,.T.);
#2087=ORIENTED_EDGE('',*,*,#1385,.F.);
#2088=ORIENTED_EDGE('',*,*,#1595,.F.);
#2089=ORIENTED_EDGE('',*,*,#1553,.T.);
#2090=ORIENTED_EDGE('',*,*,#1595,.T.);
#2091=ORIENTED_EDGE('',*,*,#1384,.F.);
#2092=ORIENTED_EDGE('',*,*,#1596,.F.);
#2093=ORIENTED_EDGE('',*,*,#1554,.T.);
#2094=ORIENTED_EDGE('',*,*,#1596,.T.);
#2095=ORIENTED_EDGE('',*,*,#1383,.F.);
#2096=ORIENTED_EDGE('',*,*,#1597,.F.);
#2097=ORIENTED_EDGE('',*,*,#1555,.T.);
#2098=ORIENTED_EDGE('',*,*,#1597,.T.);
#2099=ORIENTED_EDGE('',*,*,#1382,.F.);
#2100=ORIENTED_EDGE('',*,*,#1598,.F.);
#2101=ORIENTED_EDGE('',*,*,#1556,.T.);
#2102=ORIENTED_EDGE('',*,*,#1598,.T.);
#2103=ORIENTED_EDGE('',*,*,#1381,.F.);
#2104=ORIENTED_EDGE('',*,*,#1599,.F.);
#2105=ORIENTED_EDGE('',*,*,#1557,.T.);
#2106=ORIENTED_EDGE('',*,*,#1599,.T.);
#2107=ORIENTED_EDGE('',*,*,#1380,.F.);
#2108=ORIENTED_EDGE('',*,*,#1600,.F.);
#2109=ORIENTED_EDGE('',*,*,#1550,.T.);
#2110=ORIENTED_EDGE('',*,*,#1600,.T.);
#2111=ORIENTED_EDGE('',*,*,#1379,.F.);
#2112=ORIENTED_EDGE('',*,*,#1593,.F.);
#2113=ORIENTED_EDGE('',*,*,#1543,.T.);
#2114=ORIENTED_EDGE('',*,*,#1601,.T.);
#2115=ORIENTED_EDGE('',*,*,#1394,.F.);
#2116=ORIENTED_EDGE('',*,*,#1602,.F.);
#2117=ORIENTED_EDGE('',*,*,#1544,.T.);
#2118=ORIENTED_EDGE('',*,*,#1602,.T.);
#2119=ORIENTED_EDGE('',*,*,#1393,.F.);
#2120=ORIENTED_EDGE('',*,*,#1603,.F.);
#2121=ORIENTED_EDGE('',*,*,#1545,.T.);
#2122=ORIENTED_EDGE('',*,*,#1603,.T.);
#2123=ORIENTED_EDGE('',*,*,#1392,.F.);
#2124=ORIENTED_EDGE('',*,*,#1604,.F.);
#2125=ORIENTED_EDGE('',*,*,#1546,.T.);
#2126=ORIENTED_EDGE('',*,*,#1604,.T.);
#2127=ORIENTED_EDGE('',*,*,#1391,.F.);
#2128=ORIENTED_EDGE('',*,*,#1605,.F.);
#2129=ORIENTED_EDGE('',*,*,#1547,.T.);
#2130=ORIENTED_EDGE('',*,*,#1605,.T.);
#2131=ORIENTED_EDGE('',*,*,#1390,.F.);
#2132=ORIENTED_EDGE('',*,*,#1606,.F.);
#2133=ORIENTED_EDGE('',*,*,#1548,.T.);
#2134=ORIENTED_EDGE('',*,*,#1606,.T.);
#2135=ORIENTED_EDGE('',*,*,#1389,.F.);
#2136=ORIENTED_EDGE('',*,*,#1607,.F.);
#2137=ORIENTED_EDGE('',*,*,#1549,.T.);
#2138=ORIENTED_EDGE('',*,*,#1607,.T.);
#2139=ORIENTED_EDGE('',*,*,#1388,.F.);
#2140=ORIENTED_EDGE('',*,*,#1608,.F.);
#2141=ORIENTED_EDGE('',*,*,#1542,.T.);
#2142=ORIENTED_EDGE('',*,*,#1608,.T.);
#2143=ORIENTED_EDGE('',*,*,#1387,.F.);
#2144=ORIENTED_EDGE('',*,*,#1601,.F.);
#2145=ORIENTED_EDGE('',*,*,#1535,.T.);
#2146=ORIENTED_EDGE('',*,*,#1609,.T.);
#2147=ORIENTED_EDGE('',*,*,#1402,.F.);
#2148=ORIENTED_EDGE('',*,*,#1610,.F.);
#2149=ORIENTED_EDGE('',*,*,#1536,.T.);
#2150=ORIENTED_EDGE('',*,*,#1610,.T.);
#2151=ORIENTED_EDGE('',*,*,#1401,.F.);
#2152=ORIENTED_EDGE('',*,*,#1611,.F.);
#2153=ORIENTED_EDGE('',*,*,#1537,.T.);
#2154=ORIENTED_EDGE('',*,*,#1611,.T.);
#2155=ORIENTED_EDGE('',*,*,#1400,.F.);
#2156=ORIENTED_EDGE('',*,*,#1612,.F.);
#2157=ORIENTED_EDGE('',*,*,#1538,.T.);
#2158=ORIENTED_EDGE('',*,*,#1612,.T.);
#2159=ORIENTED_EDGE('',*,*,#1399,.F.);
#2160=ORIENTED_EDGE('',*,*,#1613,.F.);
#2161=ORIENTED_EDGE('',*,*,#1539,.T.);
#2162=ORIENTED_EDGE('',*,*,#1613,.T.);
#2163=ORIENTED_EDGE('',*,*,#1398,.F.);
#2164=ORIENTED_EDGE('',*,*,#1614,.F.);
#2165=ORIENTED_EDGE('',*,*,#1540,.T.);
#2166=ORIENTED_EDGE('',*,*,#1614,.T.);
#2167=ORIENTED_EDGE('',*,*,#1397,.F.);
#2168=ORIENTED_EDGE('',*,*,#1615,.F.);
#2169=ORIENTED_EDGE('',*,*,#1541,.T.);
#2170=ORIENTED_EDGE('',*,*,#1615,.T.);
#2171=ORIENTED_EDGE('',*,*,#1396,.F.);
#2172=ORIENTED_EDGE('',*,*,#1616,.F.);
#2173=ORIENTED_EDGE('',*,*,#1534,.T.);
#2174=ORIENTED_EDGE('',*,*,#1616,.T.);
#2175=ORIENTED_EDGE('',*,*,#1395,.F.);
#2176=ORIENTED_EDGE('',*,*,#1609,.F.);
#2177=ORIENTED_EDGE('',*,*,#1527,.T.);
#2178=ORIENTED_EDGE('',*,*,#1617,.T.);
#2179=ORIENTED_EDGE('',*,*,#1410,.F.);
#2180=ORIENTED_EDGE('',*,*,#1618,.F.);
#2181=ORIENTED_EDGE('',*,*,#1528,.T.);
#2182=ORIENTED_EDGE('',*,*,#1618,.T.);
#2183=ORIENTED_EDGE('',*,*,#1409,.F.);
#2184=ORIENTED_EDGE('',*,*,#1619,.F.);
#2185=ORIENTED_EDGE('',*,*,#1529,.T.);
#2186=ORIENTED_EDGE('',*,*,#1619,.T.);
#2187=ORIENTED_EDGE('',*,*,#1408,.F.);
#2188=ORIENTED_EDGE('',*,*,#1620,.F.);
#2189=ORIENTED_EDGE('',*,*,#1530,.T.);
#2190=ORIENTED_EDGE('',*,*,#1620,.T.);
#2191=ORIENTED_EDGE('',*,*,#1407,.F.);
#2192=ORIENTED_EDGE('',*,*,#1621,.F.);
#2193=ORIENTED_EDGE('',*,*,#1531,.T.);
#2194=ORIENTED_EDGE('',*,*,#1621,.T.);
#2195=ORIENTED_EDGE('',*,*,#1406,.F.);
#2196=ORIENTED_EDGE('',*,*,#1622,.F.);
#2197=ORIENTED_EDGE('',*,*,#1532,.T.);
#2198=ORIENTED_EDGE('',*,*,#1622,.T.);
#2199=ORIENTED_EDGE('',*,*,#1405,.F.);
#2200=ORIENTED_EDGE('',*,*,#1623,.F.);
#2201=ORIENTED_EDGE('',*,*,#1533,.T.);
#2202=ORIENTED_EDGE('',*,*,#1623,.T.);
#2203=ORIENTED_EDGE('',*,*,#1404,.F.);
#2204=ORIENTED_EDGE('',*,*,#1624,.F.);
#2205=ORIENTED_EDGE('',*,*,#1526,.T.);
#2206=ORIENTED_EDGE('',*,*,#1624,.T.);
#2207=ORIENTED_EDGE('',*,*,#1403,.F.);
#2208=ORIENTED_EDGE('',*,*,#1617,.F.);
#2209=ORIENTED_EDGE('',*,*,#1519,.T.);
#2210=ORIENTED_EDGE('',*,*,#1625,.T.);
#2211=ORIENTED_EDGE('',*,*,#1418,.F.);
#2212=ORIENTED_EDGE('',*,*,#1626,.F.);
#2213=ORIENTED_EDGE('',*,*,#1520,.T.);
#2214=ORIENTED_EDGE('',*,*,#1626,.T.);
#2215=ORIENTED_EDGE('',*,*,#1417,.F.);
#2216=ORIENTED_EDGE('',*,*,#1627,.F.);
#2217=ORIENTED_EDGE('',*,*,#1521,.T.);
#2218=ORIENTED_EDGE('',*,*,#1627,.T.);
#2219=ORIENTED_EDGE('',*,*,#1416,.F.);
#2220=ORIENTED_EDGE('',*,*,#1628,.F.);
#2221=ORIENTED_EDGE('',*,*,#1522,.T.);
#2222=ORIENTED_EDGE('',*,*,#1628,.T.);
#2223=ORIENTED_EDGE('',*,*,#1415,.F.);
#2224=ORIENTED_EDGE('',*,*,#1629,.F.);
#2225=ORIENTED_EDGE('',*,*,#1523,.T.);
#2226=ORIENTED_EDGE('',*,*,#1629,.T.);
#2227=ORIENTED_EDGE('',*,*,#1414,.F.);
#2228=ORIENTED_EDGE('',*,*,#1630,.F.);
#2229=ORIENTED_EDGE('',*,*,#1524,.T.);
#2230=ORIENTED_EDGE('',*,*,#1630,.T.);
#2231=ORIENTED_EDGE('',*,*,#1413,.F.);
#2232=ORIENTED_EDGE('',*,*,#1631,.F.);
#2233=ORIENTED_EDGE('',*,*,#1525,.T.);
#2234=ORIENTED_EDGE('',*,*,#1631,.T.);
#2235=ORIENTED_EDGE('',*,*,#1412,.F.);
#2236=ORIENTED_EDGE('',*,*,#1632,.F.);
#2237=ORIENTED_EDGE('',*,*,#1518,.T.);
#2238=ORIENTED_EDGE('',*,*,#1632,.T.);
#2239=ORIENTED_EDGE('',*,*,#1411,.F.);
#2240=ORIENTED_EDGE('',*,*,#1625,.F.);
#2241=ORIENTED_EDGE('',*,*,#1419,.F.);
#2242=ORIENTED_EDGE('',*,*,#1633,.T.);
#2243=ORIENTED_EDGE('',*,*,#1517,.T.);
#2244=ORIENTED_EDGE('',*,*,#1633,.F.);
#2245=ORIENTED_EDGE('',*,*,#1420,.F.);
#2246=ORIENTED_EDGE('',*,*,#1634,.T.);
#2247=ORIENTED_EDGE('',*,*,#1516,.T.);
#2248=ORIENTED_EDGE('',*,*,#1634,.F.);
#2249=ORIENTED_EDGE('',*,*,#1514,.T.);
#2250=ORIENTED_EDGE('',*,*,#1635,.T.);
#2251=ORIENTED_EDGE('',*,*,#1424,.F.);
#2252=ORIENTED_EDGE('',*,*,#1636,.F.);
#2253=ORIENTED_EDGE('',*,*,#1637,.F.);
#2254=ORIENTED_EDGE('',*,*,#1329,.F.);
#2255=ORIENTED_EDGE('',*,*,#1515,.T.);
#2256=ORIENTED_EDGE('',*,*,#1636,.T.);
#2257=ORIENTED_EDGE('',*,*,#1423,.F.);
#2258=ORIENTED_EDGE('',*,*,#1309,.F.);
#2259=ORIENTED_EDGE('',*,*,#1307,.T.);
#2260=ORIENTED_EDGE('',*,*,#1421,.F.);
#2261=ORIENTED_EDGE('',*,*,#1635,.F.);
#2262=ORIENTED_EDGE('',*,*,#1513,.T.);
#2263=ORIENTED_EDGE('',*,*,#1327,.T.);
#2264=ORIENTED_EDGE('',*,*,#1638,.F.);
#2265=ORIENTED_EDGE('',*,*,#1506,.T.);
#2266=ORIENTED_EDGE('',*,*,#1639,.T.);
#2267=ORIENTED_EDGE('',*,*,#1432,.F.);
#2268=ORIENTED_EDGE('',*,*,#1640,.F.);
#2269=ORIENTED_EDGE('',*,*,#1507,.T.);
#2270=ORIENTED_EDGE('',*,*,#1640,.T.);
#2271=ORIENTED_EDGE('',*,*,#1431,.F.);
#2272=ORIENTED_EDGE('',*,*,#1641,.F.);
#2273=ORIENTED_EDGE('',*,*,#1508,.T.);
#2274=ORIENTED_EDGE('',*,*,#1641,.T.);
#2275=ORIENTED_EDGE('',*,*,#1430,.F.);
#2276=ORIENTED_EDGE('',*,*,#1642,.F.);
#2277=ORIENTED_EDGE('',*,*,#1509,.T.);
#2278=ORIENTED_EDGE('',*,*,#1642,.T.);
#2279=ORIENTED_EDGE('',*,*,#1429,.F.);
#2280=ORIENTED_EDGE('',*,*,#1643,.F.);
#2281=ORIENTED_EDGE('',*,*,#1510,.T.);
#2282=ORIENTED_EDGE('',*,*,#1643,.T.);
#2283=ORIENTED_EDGE('',*,*,#1428,.F.);
#2284=ORIENTED_EDGE('',*,*,#1644,.F.);
#2285=ORIENTED_EDGE('',*,*,#1511,.T.);
#2286=ORIENTED_EDGE('',*,*,#1644,.T.);
#2287=ORIENTED_EDGE('',*,*,#1427,.F.);
#2288=ORIENTED_EDGE('',*,*,#1645,.F.);
#2289=ORIENTED_EDGE('',*,*,#1512,.T.);
#2290=ORIENTED_EDGE('',*,*,#1645,.T.);
#2291=ORIENTED_EDGE('',*,*,#1426,.F.);
#2292=ORIENTED_EDGE('',*,*,#1646,.F.);
#2293=ORIENTED_EDGE('',*,*,#1505,.T.);
#2294=ORIENTED_EDGE('',*,*,#1646,.T.);
#2295=ORIENTED_EDGE('',*,*,#1425,.F.);
#2296=ORIENTED_EDGE('',*,*,#1639,.F.);
#2297=ORIENTED_EDGE('',*,*,#1498,.T.);
#2298=ORIENTED_EDGE('',*,*,#1647,.T.);
#2299=ORIENTED_EDGE('',*,*,#1440,.F.);
#2300=ORIENTED_EDGE('',*,*,#1648,.F.);
#2301=ORIENTED_EDGE('',*,*,#1499,.T.);
#2302=ORIENTED_EDGE('',*,*,#1648,.T.);
#2303=ORIENTED_EDGE('',*,*,#1439,.F.);
#2304=ORIENTED_EDGE('',*,*,#1649,.F.);
#2305=ORIENTED_EDGE('',*,*,#1500,.T.);
#2306=ORIENTED_EDGE('',*,*,#1649,.T.);
#2307=ORIENTED_EDGE('',*,*,#1438,.F.);
#2308=ORIENTED_EDGE('',*,*,#1650,.F.);
#2309=ORIENTED_EDGE('',*,*,#1501,.T.);
#2310=ORIENTED_EDGE('',*,*,#1650,.T.);
#2311=ORIENTED_EDGE('',*,*,#1437,.F.);
#2312=ORIENTED_EDGE('',*,*,#1651,.F.);
#2313=ORIENTED_EDGE('',*,*,#1502,.T.);
#2314=ORIENTED_EDGE('',*,*,#1651,.T.);
#2315=ORIENTED_EDGE('',*,*,#1436,.F.);
#2316=ORIENTED_EDGE('',*,*,#1652,.F.);
#2317=ORIENTED_EDGE('',*,*,#1503,.T.);
#2318=ORIENTED_EDGE('',*,*,#1652,.T.);
#2319=ORIENTED_EDGE('',*,*,#1435,.F.);
#2320=ORIENTED_EDGE('',*,*,#1653,.F.);
#2321=ORIENTED_EDGE('',*,*,#1504,.T.);
#2322=ORIENTED_EDGE('',*,*,#1653,.T.);
#2323=ORIENTED_EDGE('',*,*,#1434,.F.);
#2324=ORIENTED_EDGE('',*,*,#1654,.F.);
#2325=ORIENTED_EDGE('',*,*,#1497,.T.);
#2326=ORIENTED_EDGE('',*,*,#1654,.T.);
#2327=ORIENTED_EDGE('',*,*,#1433,.F.);
#2328=ORIENTED_EDGE('',*,*,#1647,.F.);
#2329=ORIENTED_EDGE('',*,*,#1490,.T.);
#2330=ORIENTED_EDGE('',*,*,#1655,.T.);
#2331=ORIENTED_EDGE('',*,*,#1448,.F.);
#2332=ORIENTED_EDGE('',*,*,#1656,.F.);
#2333=ORIENTED_EDGE('',*,*,#1491,.T.);
#2334=ORIENTED_EDGE('',*,*,#1656,.T.);
#2335=ORIENTED_EDGE('',*,*,#1447,.F.);
#2336=ORIENTED_EDGE('',*,*,#1657,.F.);
#2337=ORIENTED_EDGE('',*,*,#1492,.T.);
#2338=ORIENTED_EDGE('',*,*,#1657,.T.);
#2339=ORIENTED_EDGE('',*,*,#1446,.F.);
#2340=ORIENTED_EDGE('',*,*,#1658,.F.);
#2341=ORIENTED_EDGE('',*,*,#1493,.T.);
#2342=ORIENTED_EDGE('',*,*,#1658,.T.);
#2343=ORIENTED_EDGE('',*,*,#1445,.F.);
#2344=ORIENTED_EDGE('',*,*,#1659,.F.);
#2345=ORIENTED_EDGE('',*,*,#1494,.T.);
#2346=ORIENTED_EDGE('',*,*,#1659,.T.);
#2347=ORIENTED_EDGE('',*,*,#1444,.F.);
#2348=ORIENTED_EDGE('',*,*,#1660,.F.);
#2349=ORIENTED_EDGE('',*,*,#1495,.T.);
#2350=ORIENTED_EDGE('',*,*,#1660,.T.);
#2351=ORIENTED_EDGE('',*,*,#1443,.F.);
#2352=ORIENTED_EDGE('',*,*,#1661,.F.);
#2353=ORIENTED_EDGE('',*,*,#1496,.T.);
#2354=ORIENTED_EDGE('',*,*,#1661,.T.);
#2355=ORIENTED_EDGE('',*,*,#1442,.F.);
#2356=ORIENTED_EDGE('',*,*,#1662,.F.);
#2357=ORIENTED_EDGE('',*,*,#1489,.T.);
#2358=ORIENTED_EDGE('',*,*,#1662,.T.);
#2359=ORIENTED_EDGE('',*,*,#1441,.F.);
#2360=ORIENTED_EDGE('',*,*,#1655,.F.);
#2361=ORIENTED_EDGE('',*,*,#1449,.F.);
#2362=ORIENTED_EDGE('',*,*,#1663,.T.);
#2363=ORIENTED_EDGE('',*,*,#1488,.T.);
#2364=ORIENTED_EDGE('',*,*,#1663,.F.);
#2365=ORIENTED_EDGE('',*,*,#1481,.T.);
#2366=ORIENTED_EDGE('',*,*,#1664,.T.);
#2367=ORIENTED_EDGE('',*,*,#1457,.F.);
#2368=ORIENTED_EDGE('',*,*,#1665,.F.);
#2369=ORIENTED_EDGE('',*,*,#1482,.T.);
#2370=ORIENTED_EDGE('',*,*,#1665,.T.);
#2371=ORIENTED_EDGE('',*,*,#1456,.F.);
#2372=ORIENTED_EDGE('',*,*,#1666,.F.);
#2373=ORIENTED_EDGE('',*,*,#1483,.T.);
#2374=ORIENTED_EDGE('',*,*,#1666,.T.);
#2375=ORIENTED_EDGE('',*,*,#1455,.F.);
#2376=ORIENTED_EDGE('',*,*,#1667,.F.);
#2377=ORIENTED_EDGE('',*,*,#1484,.T.);
#2378=ORIENTED_EDGE('',*,*,#1667,.T.);
#2379=ORIENTED_EDGE('',*,*,#1454,.F.);
#2380=ORIENTED_EDGE('',*,*,#1668,.F.);
#2381=ORIENTED_EDGE('',*,*,#1485,.T.);
#2382=ORIENTED_EDGE('',*,*,#1668,.T.);
#2383=ORIENTED_EDGE('',*,*,#1453,.F.);
#2384=ORIENTED_EDGE('',*,*,#1669,.F.);
#2385=ORIENTED_EDGE('',*,*,#1486,.T.);
#2386=ORIENTED_EDGE('',*,*,#1669,.T.);
#2387=ORIENTED_EDGE('',*,*,#1452,.F.);
#2388=ORIENTED_EDGE('',*,*,#1670,.F.);
#2389=ORIENTED_EDGE('',*,*,#1487,.T.);
#2390=ORIENTED_EDGE('',*,*,#1670,.T.);
#2391=ORIENTED_EDGE('',*,*,#1451,.F.);
#2392=ORIENTED_EDGE('',*,*,#1671,.F.);
#2393=ORIENTED_EDGE('',*,*,#1480,.T.);
#2394=ORIENTED_EDGE('',*,*,#1671,.T.);
#2395=ORIENTED_EDGE('',*,*,#1450,.F.);
#2396=ORIENTED_EDGE('',*,*,#1664,.F.);
#2397=ORIENTED_EDGE('',*,*,#1473,.T.);
#2398=ORIENTED_EDGE('',*,*,#1672,.T.);
#2399=ORIENTED_EDGE('',*,*,#1465,.F.);
#2400=ORIENTED_EDGE('',*,*,#1673,.F.);
#2401=ORIENTED_EDGE('',*,*,#1474,.T.);
#2402=ORIENTED_EDGE('',*,*,#1673,.T.);
#2403=ORIENTED_EDGE('',*,*,#1464,.F.);
#2404=ORIENTED_EDGE('',*,*,#1674,.F.);
#2405=ORIENTED_EDGE('',*,*,#1475,.T.);
#2406=ORIENTED_EDGE('',*,*,#1674,.T.);
#2407=ORIENTED_EDGE('',*,*,#1463,.F.);
#2408=ORIENTED_EDGE('',*,*,#1675,.F.);
#2409=ORIENTED_EDGE('',*,*,#1476,.T.);
#2410=ORIENTED_EDGE('',*,*,#1675,.T.);
#2411=ORIENTED_EDGE('',*,*,#1462,.F.);
#2412=ORIENTED_EDGE('',*,*,#1676,.F.);
#2413=ORIENTED_EDGE('',*,*,#1477,.T.);
#2414=ORIENTED_EDGE('',*,*,#1676,.T.);
#2415=ORIENTED_EDGE('',*,*,#1461,.F.);
#2416=ORIENTED_EDGE('',*,*,#1677,.F.);
#2417=ORIENTED_EDGE('',*,*,#1478,.T.);
#2418=ORIENTED_EDGE('',*,*,#1677,.T.);
#2419=ORIENTED_EDGE('',*,*,#1460,.F.);
#2420=ORIENTED_EDGE('',*,*,#1678,.F.);
#2421=ORIENTED_EDGE('',*,*,#1479,.T.);
#2422=ORIENTED_EDGE('',*,*,#1678,.T.);
#2423=ORIENTED_EDGE('',*,*,#1459,.F.);
#2424=ORIENTED_EDGE('',*,*,#1679,.F.);
#2425=ORIENTED_EDGE('',*,*,#1472,.T.);
#2426=ORIENTED_EDGE('',*,*,#1679,.T.);
#2427=ORIENTED_EDGE('',*,*,#1458,.F.);
#2428=ORIENTED_EDGE('',*,*,#1672,.F.);
#2429=ORIENTED_EDGE('',*,*,#1466,.F.);
#2430=ORIENTED_EDGE('',*,*,#1680,.T.);
#2431=ORIENTED_EDGE('',*,*,#1471,.T.);
#2432=ORIENTED_EDGE('',*,*,#1680,.F.);
#2433=ORIENTED_EDGE('',*,*,#1335,.F.);
#2434=ORIENTED_EDGE('',*,*,#1576,.F.);
#2435=ORIENTED_EDGE('',*,*,#1467,.F.);
#2436=ORIENTED_EDGE('',*,*,#1361,.F.);
#2437=ORIENTED_EDGE('',*,*,#1302,.F.);
#2438=ORIENTED_EDGE('',*,*,#1422,.T.);
#2439=ORIENTED_EDGE('',*,*,#1320,.F.);
#2440=ORIENTED_EDGE('',*,*,#1310,.F.);
#2441=ORIENTED_EDGE('',*,*,#1638,.T.);
#2442=ORIENTED_EDGE('',*,*,#1326,.T.);
#2443=ORIENTED_EDGE('',*,*,#1637,.T.);
#2444=ORIENTED_EDGE('',*,*,#1308,.T.);
#2445=CYLINDRICAL_SURFACE('',#2655,1.);
#2446=CYLINDRICAL_SURFACE('',#2663,1.);
#2447=CYLINDRICAL_SURFACE('',#2666,1.);
#2448=CYLINDRICAL_SURFACE('',#2669,1.);
#2449=CYLINDRICAL_SURFACE('',#2677,1.);
#2450=CYLINDRICAL_SURFACE('',#2683,1.);
#2451=CYLINDRICAL_SURFACE('',#2689,1.);
#2452=CYLINDRICAL_SURFACE('',#2695,1.);
#2453=CYLINDRICAL_SURFACE('',#2697,4.);
#2454=CYLINDRICAL_SURFACE('',#2700,4.);
#2455=CYLINDRICAL_SURFACE('',#2810,4.);
#2456=CYLINDRICAL_SURFACE('',#2812,4.);
#2457=CYLINDRICAL_SURFACE('',#2814,0.499999999999972);
#2458=CYLINDRICAL_SURFACE('',#2816,0.500000000000007);
#2459=CYLINDRICAL_SURFACE('',#2818,0.500000000000007);
#2460=CYLINDRICAL_SURFACE('',#2820,0.499999999999989);
#2461=CYLINDRICAL_SURFACE('',#2822,0.500000000000007);
#2462=CYLINDRICAL_SURFACE('',#2824,0.500000000000007);
#2463=CYLINDRICAL_SURFACE('',#2826,0.499999999999972);
#2464=CYLINDRICAL_SURFACE('',#2828,0.499999999999989);
#2465=CYLINDRICAL_SURFACE('',#2830,0.499999999999972);
#2466=CYLINDRICAL_SURFACE('',#2832,0.499999999999989);
#2467=CYLINDRICAL_SURFACE('',#2834,0.500000000000007);
#2468=CYLINDRICAL_SURFACE('',#2836,0.500000000000007);
#2469=CYLINDRICAL_SURFACE('',#2838,0.500000000000007);
#2470=CYLINDRICAL_SURFACE('',#2840,0.500000000000007);
#2471=CYLINDRICAL_SURFACE('',#2842,0.500000000000007);
#2472=CYLINDRICAL_SURFACE('',#2844,0.499999999999989);
#2473=CYLINDRICAL_SURFACE('',#2846,0.499999999999972);
#2474=CYLINDRICAL_SURFACE('',#2848,0.499999999999989);
#2475=CYLINDRICAL_SURFACE('',#2850,0.500000000000007);
#2476=CYLINDRICAL_SURFACE('',#2852,0.500000000000007);
#2477=CYLINDRICAL_SURFACE('',#2854,0.500000000000007);
#2478=CYLINDRICAL_SURFACE('',#2856,0.499999999999989);
#2479=CYLINDRICAL_SURFACE('',#2858,0.500000000000007);
#2480=CYLINDRICAL_SURFACE('',#2860,0.500000000000007);
#2481=CYLINDRICAL_SURFACE('',#2862,0.499999999999972);
#2482=CYLINDRICAL_SURFACE('',#2864,0.500000000000007);
#2483=CYLINDRICAL_SURFACE('',#2866,0.500000000000007);
#2484=CYLINDRICAL_SURFACE('',#2868,0.499999999999989);
#2485=CYLINDRICAL_SURFACE('',#2869,1.69999999999998);
#2486=CYLINDRICAL_SURFACE('',#2870,1.69999999999998);
#2487=CYLINDRICAL_SURFACE('',#2875,0.500000000000007);
#2488=CYLINDRICAL_SURFACE('',#2877,0.499999999999989);
#2489=CYLINDRICAL_SURFACE('',#2879,0.499999999999972);
#2490=CYLINDRICAL_SURFACE('',#2881,0.500000000000007);
#2491=CYLINDRICAL_SURFACE('',#2883,0.499999999999972);
#2492=CYLINDRICAL_SURFACE('',#2885,0.500000000000007);
#2493=CYLINDRICAL_SURFACE('',#2887,0.500000000000007);
#2494=CYLINDRICAL_SURFACE('',#2889,0.499999999999989);
#2495=CYLINDRICAL_SURFACE('',#2891,0.499999999999972);
#2496=CYLINDRICAL_SURFACE('',#2893,0.500000000000007);
#2497=CYLINDRICAL_SURFACE('',#2895,0.500000000000007);
#2498=CYLINDRICAL_SURFACE('',#2897,0.499999999999989);
#2499=CYLINDRICAL_SURFACE('',#2898,1.70000000000002);
#2500=CYLINDRICAL_SURFACE('',#2900,0.500000000000007);
#2501=CYLINDRICAL_SURFACE('',#2902,0.500000000000007);
#2502=CYLINDRICAL_SURFACE('',#2904,0.500000000000007);
#2503=CYLINDRICAL_SURFACE('',#2906,0.499999999999989);
#2504=CYLINDRICAL_SURFACE('',#2908,0.500000000000007);
#2505=CYLINDRICAL_SURFACE('',#2910,0.500000000000007);
#2506=CYLINDRICAL_SURFACE('',#2912,0.499999999999972);
#2507=CYLINDRICAL_SURFACE('',#2914,0.499999999999989);
#2508=CYLINDRICAL_SURFACE('',#2915,1.70000000000002);
#2509=ADVANCED_FACE('',(#117),#2445,.T.);
#2510=ADVANCED_FACE('',(#118),#53,.T.);
#2511=ADVANCED_FACE('',(#119),#54,.T.);
#2512=ADVANCED_FACE('',(#120),#2446,.T.);
#2513=ADVANCED_FACE('',(#121),#55,.T.);
#2514=ADVANCED_FACE('',(#122),#2447,.T.);
#2515=ADVANCED_FACE('',(#123),#56,.T.);
#2516=ADVANCED_FACE('',(#124),#2448,.T.);
#2517=ADVANCED_FACE('',(#125),#57,.T.);
#2518=ADVANCED_FACE('',(#126),#49,.T.);
#2519=ADVANCED_FACE('',(#127),#2449,.T.);
#2520=ADVANCED_FACE('',(#128),#50,.T.);
#2521=ADVANCED_FACE('',(#129),#2450,.T.);
#2522=ADVANCED_FACE('',(#130),#51,.T.);
#2523=ADVANCED_FACE('',(#131),#2451,.T.);
#2524=ADVANCED_FACE('',(#132),#52,.T.);
#2525=ADVANCED_FACE('',(#133),#2452,.T.);
#2526=ADVANCED_FACE('',(#134),#58,.T.);
#2527=ADVANCED_FACE('',(#135),#2453,.T.);
#2528=ADVANCED_FACE('',(#136),#59,.T.);
#2529=ADVANCED_FACE('',(#137),#2454,.T.);
#2530=ADVANCED_FACE('',(#138,#15,#16,#17,#18,#19,#20,#21,#22,#23,#24,#25,
#26,#27,#28,#29,#30,#31),#60,.T.);
#2531=ADVANCED_FACE('',(#139,#32,#33,#34,#35,#36,#37,#38,#39,#40,#41,#42,
#43,#44,#45,#46,#47,#48),#61,.F.);
#2532=ADVANCED_FACE('',(#140),#2455,.T.);
#2533=ADVANCED_FACE('',(#141),#62,.T.);
#2534=ADVANCED_FACE('',(#142),#2456,.T.);
#2535=ADVANCED_FACE('',(#143),#63,.T.);
#2536=ADVANCED_FACE('',(#144),#2457,.F.);
#2537=ADVANCED_FACE('',(#145),#64,.T.);
#2538=ADVANCED_FACE('',(#146),#2458,.F.);
#2539=ADVANCED_FACE('',(#147),#65,.T.);
#2540=ADVANCED_FACE('',(#148),#2459,.F.);
#2541=ADVANCED_FACE('',(#149),#66,.T.);
#2542=ADVANCED_FACE('',(#150),#2460,.F.);
#2543=ADVANCED_FACE('',(#151),#67,.T.);
#2544=ADVANCED_FACE('',(#152),#2461,.F.);
#2545=ADVANCED_FACE('',(#153),#68,.T.);
#2546=ADVANCED_FACE('',(#154),#2462,.F.);
#2547=ADVANCED_FACE('',(#155),#69,.T.);
#2548=ADVANCED_FACE('',(#156),#2463,.F.);
#2549=ADVANCED_FACE('',(#157),#70,.T.);
#2550=ADVANCED_FACE('',(#158),#2464,.F.);
#2551=ADVANCED_FACE('',(#159),#71,.T.);
#2552=ADVANCED_FACE('',(#160),#2465,.F.);
#2553=ADVANCED_FACE('',(#161),#72,.T.);
#2554=ADVANCED_FACE('',(#162),#2466,.F.);
#2555=ADVANCED_FACE('',(#163),#73,.T.);
#2556=ADVANCED_FACE('',(#164),#2467,.F.);
#2557=ADVANCED_FACE('',(#165),#74,.T.);
#2558=ADVANCED_FACE('',(#166),#2468,.F.);
#2559=ADVANCED_FACE('',(#167),#75,.T.);
#2560=ADVANCED_FACE('',(#168),#2469,.F.);
#2561=ADVANCED_FACE('',(#169),#76,.T.);
#2562=ADVANCED_FACE('',(#170),#2470,.F.);
#2563=ADVANCED_FACE('',(#171),#77,.T.);
#2564=ADVANCED_FACE('',(#172),#2471,.F.);
#2565=ADVANCED_FACE('',(#173),#78,.T.);
#2566=ADVANCED_FACE('',(#174),#2472,.F.);
#2567=ADVANCED_FACE('',(#175),#79,.T.);
#2568=ADVANCED_FACE('',(#176),#2473,.F.);
#2569=ADVANCED_FACE('',(#177),#80,.T.);
#2570=ADVANCED_FACE('',(#178),#2474,.F.);
#2571=ADVANCED_FACE('',(#179),#81,.T.);
#2572=ADVANCED_FACE('',(#180),#2475,.F.);
#2573=ADVANCED_FACE('',(#181),#82,.T.);
#2574=ADVANCED_FACE('',(#182),#2476,.F.);
#2575=ADVANCED_FACE('',(#183),#83,.T.);
#2576=ADVANCED_FACE('',(#184),#2477,.F.);
#2577=ADVANCED_FACE('',(#185),#84,.T.);
#2578=ADVANCED_FACE('',(#186),#2478,.F.);
#2579=ADVANCED_FACE('',(#187),#85,.T.);
#2580=ADVANCED_FACE('',(#188),#2479,.F.);
#2581=ADVANCED_FACE('',(#189),#86,.T.);
#2582=ADVANCED_FACE('',(#190),#2480,.F.);
#2583=ADVANCED_FACE('',(#191),#87,.T.);
#2584=ADVANCED_FACE('',(#192),#2481,.F.);
#2585=ADVANCED_FACE('',(#193),#88,.T.);
#2586=ADVANCED_FACE('',(#194),#2482,.F.);
#2587=ADVANCED_FACE('',(#195),#89,.T.);
#2588=ADVANCED_FACE('',(#196),#2483,.F.);
#2589=ADVANCED_FACE('',(#197),#90,.T.);
#2590=ADVANCED_FACE('',(#198),#2484,.F.);
#2591=ADVANCED_FACE('',(#199),#2485,.F.);
#2592=ADVANCED_FACE('',(#200),#2486,.F.);
#2593=ADVANCED_FACE('',(#201),#91,.T.);
#2594=ADVANCED_FACE('',(#202),#92,.T.);
#2595=ADVANCED_FACE('',(#203),#93,.T.);
#2596=ADVANCED_FACE('',(#204),#94,.T.);
#2597=ADVANCED_FACE('',(#205),#2487,.F.);
#2598=ADVANCED_FACE('',(#206),#95,.T.);
#2599=ADVANCED_FACE('',(#207),#2488,.F.);
#2600=ADVANCED_FACE('',(#208),#96,.T.);
#2601=ADVANCED_FACE('',(#209),#2489,.F.);
#2602=ADVANCED_FACE('',(#210),#97,.T.);
#2603=ADVANCED_FACE('',(#211),#2490,.F.);
#2604=ADVANCED_FACE('',(#212),#98,.T.);
#2605=ADVANCED_FACE('',(#213),#2491,.F.);
#2606=ADVANCED_FACE('',(#214),#99,.T.);
#2607=ADVANCED_FACE('',(#215),#2492,.F.);
#2608=ADVANCED_FACE('',(#216),#100,.T.);
#2609=ADVANCED_FACE('',(#217),#2493,.F.);
#2610=ADVANCED_FACE('',(#218),#101,.T.);
#2611=ADVANCED_FACE('',(#219),#2494,.F.);
#2612=ADVANCED_FACE('',(#220),#102,.T.);
#2613=ADVANCED_FACE('',(#221),#2495,.F.);
#2614=ADVANCED_FACE('',(#222),#103,.T.);
#2615=ADVANCED_FACE('',(#223),#2496,.F.);
#2616=ADVANCED_FACE('',(#224),#104,.T.);
#2617=ADVANCED_FACE('',(#225),#2497,.F.);
#2618=ADVANCED_FACE('',(#226),#105,.T.);
#2619=ADVANCED_FACE('',(#227),#2498,.F.);
#2620=ADVANCED_FACE('',(#228),#2499,.F.);
#2621=ADVANCED_FACE('',(#229),#106,.T.);
#2622=ADVANCED_FACE('',(#230),#2500,.F.);
#2623=ADVANCED_FACE('',(#231),#107,.T.);
#2624=ADVANCED_FACE('',(#232),#2501,.F.);
#2625=ADVANCED_FACE('',(#233),#108,.T.);
#2626=ADVANCED_FACE('',(#234),#2502,.F.);
#2627=ADVANCED_FACE('',(#235),#109,.T.);
#2628=ADVANCED_FACE('',(#236),#2503,.F.);
#2629=ADVANCED_FACE('',(#237),#110,.T.);
#2630=ADVANCED_FACE('',(#238),#2504,.F.);
#2631=ADVANCED_FACE('',(#239),#111,.T.);
#2632=ADVANCED_FACE('',(#240),#2505,.F.);
#2633=ADVANCED_FACE('',(#241),#112,.T.);
#2634=ADVANCED_FACE('',(#242),#2506,.F.);
#2635=ADVANCED_FACE('',(#243),#113,.T.);
#2636=ADVANCED_FACE('',(#244),#2507,.F.);
#2637=ADVANCED_FACE('',(#245),#2508,.F.);
#2638=ADVANCED_FACE('',(#246),#114,.T.);
#2639=ADVANCED_FACE('',(#247),#115,.T.);
#2640=ADVANCED_FACE('',(#248),#116,.F.);
#2641=CLOSED_SHELL('',(#2509,#2510,#2511,#2512,#2513,#2514,#2515,#2516,
#2517,#2518,#2519,#2520,#2521,#2522,#2523,#2524,#2525,#2526,#2527,#2528,
#2529,#2530,#2531,#2532,#2533,#2534,#2535,#2536,#2537,#2538,#2539,#2540,
#2541,#2542,#2543,#2544,#2545,#2546,#2547,#2548,#2549,#2550,#2551,#2552,
#2553,#2554,#2555,#2556,#2557,#2558,#2559,#2560,#2561,#2562,#2563,#2564,
#2565,#2566,#2567,#2568,#2569,#2570,#2571,#2572,#2573,#2574,#2575,#2576,
#2577,#2578,#2579,#2580,#2581,#2582,#2583,#2584,#2585,#2586,#2587,#2588,
#2589,#2590,#2591,#2592,#2593,#2594,#2595,#2596,#2597,#2598,#2599,#2600,
#2601,#2602,#2603,#2604,#2605,#2606,#2607,#2608,#2609,#2610,#2611,#2612,
#2613,#2614,#2615,#2616,#2617,#2618,#2619,#2620,#2621,#2622,#2623,#2624,
#2625,#2626,#2627,#2628,#2629,#2630,#2631,#2632,#2633,#2634,#2635,#2636,
#2637,#2638,#2639,#2640));
#2642=DERIVED_UNIT_ELEMENT(#2644,1.);
#2643=DERIVED_UNIT_ELEMENT(#4471,-3.);
#2644=(
MASS_UNIT()
NAMED_UNIT(*)
SI_UNIT(.KILO.,.GRAM.)
);
#2645=DERIVED_UNIT((#2642,#2643));
#2646=MEASURE_REPRESENTATION_ITEM('density measure',
POSITIVE_RATIO_MEASURE(7850.),#2645);
#2647=PROPERTY_DEFINITION_REPRESENTATION(#2652,#2649);
#2648=PROPERTY_DEFINITION_REPRESENTATION(#2653,#2650);
#2649=REPRESENTATION('material name',(#2651),#4468);
#2650=REPRESENTATION('density',(#2646),#4468);
#2651=DESCRIPTIVE_REPRESENTATION_ITEM('Steel','Steel');
#2652=PROPERTY_DEFINITION('material property','material name',#4478);
#2653=PROPERTY_DEFINITION('material property','density of part',#4478);
#2654=AXIS2_PLACEMENT_3D('',#3699,#2919,#2920);
#2655=AXIS2_PLACEMENT_3D('',#3700,#2921,#2922);
#2656=AXIS2_PLACEMENT_3D('',#3703,#2923,#2924);
#2657=AXIS2_PLACEMENT_3D('',#3707,#2926,#2927);
#2658=AXIS2_PLACEMENT_3D('',#3709,#2929,#2930);
#2659=AXIS2_PLACEMENT_3D('',#3723,#2938,#2939);
#2660=AXIS2_PLACEMENT_3D('',#3727,#2941,#2942);
#2661=AXIS2_PLACEMENT_3D('',#3731,#2944,#2945);
#2662=AXIS2_PLACEMENT_3D('',#3734,#2947,#2948);
#2663=AXIS2_PLACEMENT_3D('',#3735,#2949,#2950);
#2664=AXIS2_PLACEMENT_3D('',#3738,#2952,#2953);
#2665=AXIS2_PLACEMENT_3D('',#3739,#2954,#2955);
#2666=AXIS2_PLACEMENT_3D('',#3743,#2958,#2959);
#2667=AXIS2_PLACEMENT_3D('',#3747,#2961,#2962);
#2668=AXIS2_PLACEMENT_3D('',#3749,#2964,#2965);
#2669=AXIS2_PLACEMENT_3D('',#3753,#2968,#2969);
#2670=AXIS2_PLACEMENT_3D('',#3754,#2970,#2971);
#2671=AXIS2_PLACEMENT_3D('',#3755,#2972,#2973);
#2672=AXIS2_PLACEMENT_3D('',#3764,#2978,#2979);
#2673=AXIS2_PLACEMENT_3D('',#3767,#2980,#2981);
#2674=AXIS2_PLACEMENT_3D('',#3769,#2982,#2983);
#2675=AXIS2_PLACEMENT_3D('',#3771,#2984,#2985);
#2676=AXIS2_PLACEMENT_3D('',#3772,#2986,#2987);
#2677=AXIS2_PLACEMENT_3D('',#3773,#2988,#2989);
#2678=AXIS2_PLACEMENT_3D('',#3776,#2990,#2991);
#2679=AXIS2_PLACEMENT_3D('',#3779,#2994,#2995);
#2680=AXIS2_PLACEMENT_3D('',#3782,#2996,#2997);
#2681=AXIS2_PLACEMENT_3D('',#3783,#2998,#2999);
#2682=AXIS2_PLACEMENT_3D('',#3784,#3000,#3001);
#2683=AXIS2_PLACEMENT_3D('',#3785,#3002,#3003);
#2684=AXIS2_PLACEMENT_3D('',#3788,#3004,#3005);
#2685=AXIS2_PLACEMENT_3D('',#3791,#3008,#3009);
#2686=AXIS2_PLACEMENT_3D('',#3794,#3010,#3011);
#2687=AXIS2_PLACEMENT_3D('',#3795,#3012,#3013);
#2688=AXIS2_PLACEMENT_3D('',#3796,#3014,#3015);
#2689=AXIS2_PLACEMENT_3D('',#3797,#3016,#3017);
#2690=AXIS2_PLACEMENT_3D('',#3800,#3018,#3019);
#2691=AXIS2_PLACEMENT_3D('',#3803,#3022,#3023);
#2692=AXIS2_PLACEMENT_3D('',#3806,#3024,#3025);
#2693=AXIS2_PLACEMENT_3D('',#3807,#3026,#3027);
#2694=AXIS2_PLACEMENT_3D('',#3808,#3028,#3029);
#2695=AXIS2_PLACEMENT_3D('',#3809,#3030,#3031);
#2696=AXIS2_PLACEMENT_3D('',#3812,#3034,#3035);
#2697=AXIS2_PLACEMENT_3D('',#3818,#3039,#3040);
#2698=AXIS2_PLACEMENT_3D('',#3821,#3042,#3043);
#2699=AXIS2_PLACEMENT_3D('',#3822,#3044,#3045);
#2700=AXIS2_PLACEMENT_3D('',#3826,#3048,#3049);
#2701=AXIS2_PLACEMENT_3D('',#3829,#3051,#3052);
#2702=AXIS2_PLACEMENT_3D('',#3830,#3053,#3054);
#2703=AXIS2_PLACEMENT_3D('',#3833,#3055,#3056);
#2704=AXIS2_PLACEMENT_3D('',#3837,#3058,#3059);
#2705=AXIS2_PLACEMENT_3D('',#3841,#3061,#3062);
#2706=AXIS2_PLACEMENT_3D('',#3845,#3064,#3065);
#2707=AXIS2_PLACEMENT_3D('',#3849,#3067,#3068);
#2708=AXIS2_PLACEMENT_3D('',#3853,#3070,#3071);
#2709=AXIS2_PLACEMENT_3D('',#3857,#3073,#3074);
#2710=AXIS2_PLACEMENT_3D('',#3861,#3076,#3077);
#2711=AXIS2_PLACEMENT_3D('',#3865,#3079,#3080);
#2712=AXIS2_PLACEMENT_3D('',#3869,#3082,#3083);
#2713=AXIS2_PLACEMENT_3D('',#3873,#3085,#3086);
#2714=AXIS2_PLACEMENT_3D('',#3877,#3088,#3089);
#2715=AXIS2_PLACEMENT_3D('',#3881,#3091,#3092);
#2716=AXIS2_PLACEMENT_3D('',#3885,#3094,#3095);
#2717=AXIS2_PLACEMENT_3D('',#3889,#3097,#3098);
#2718=AXIS2_PLACEMENT_3D('',#3893,#3100,#3101);
#2719=AXIS2_PLACEMENT_3D('',#3897,#3103,#3104);
#2720=AXIS2_PLACEMENT_3D('',#3901,#3106,#3107);
#2721=AXIS2_PLACEMENT_3D('',#3905,#3109,#3110);
#2722=AXIS2_PLACEMENT_3D('',#3909,#3112,#3113);
#2723=AXIS2_PLACEMENT_3D('',#3913,#3115,#3116);
#2724=AXIS2_PLACEMENT_3D('',#3917,#3118,#3119);
#2725=AXIS2_PLACEMENT_3D('',#3921,#3121,#3122);
#2726=AXIS2_PLACEMENT_3D('',#3925,#3124,#3125);
#2727=AXIS2_PLACEMENT_3D('',#3929,#3127,#3128);
#2728=AXIS2_PLACEMENT_3D('',#3933,#3130,#3131);
#2729=AXIS2_PLACEMENT_3D('',#3937,#3133,#3134);
#2730=AXIS2_PLACEMENT_3D('',#3941,#3136,#3137);
#2731=AXIS2_PLACEMENT_3D('',#3944,#3139,#3140);
#2732=AXIS2_PLACEMENT_3D('',#3946,#3141,#3142);
#2733=AXIS2_PLACEMENT_3D('',#3955,#3147,#3148);
#2734=AXIS2_PLACEMENT_3D('',#3959,#3150,#3151);
#2735=AXIS2_PLACEMENT_3D('',#3963,#3153,#3154);
#2736=AXIS2_PLACEMENT_3D('',#3967,#3156,#3157);
#2737=AXIS2_PLACEMENT_3D('',#3971,#3159,#3160);
#2738=AXIS2_PLACEMENT_3D('',#3975,#3162,#3163);
#2739=AXIS2_PLACEMENT_3D('',#3979,#3165,#3166);
#2740=AXIS2_PLACEMENT_3D('',#3983,#3168,#3169);
#2741=AXIS2_PLACEMENT_3D('',#3987,#3171,#3172);
#2742=AXIS2_PLACEMENT_3D('',#3991,#3174,#3175);
#2743=AXIS2_PLACEMENT_3D('',#3995,#3177,#3178);
#2744=AXIS2_PLACEMENT_3D('',#3999,#3180,#3181);
#2745=AXIS2_PLACEMENT_3D('',#4002,#3183,#3184);
#2746=AXIS2_PLACEMENT_3D('',#4005,#3185,#3186);
#2747=AXIS2_PLACEMENT_3D('',#4009,#3188,#3189);
#2748=AXIS2_PLACEMENT_3D('',#4013,#3191,#3192);
#2749=AXIS2_PLACEMENT_3D('',#4017,#3194,#3195);
#2750=AXIS2_PLACEMENT_3D('',#4021,#3197,#3198);
#2751=AXIS2_PLACEMENT_3D('',#4025,#3200,#3201);
#2752=AXIS2_PLACEMENT_3D('',#4029,#3203,#3204);
#2753=AXIS2_PLACEMENT_3D('',#4033,#3206,#3207);
#2754=AXIS2_PLACEMENT_3D('',#4036,#3209,#3210);
#2755=AXIS2_PLACEMENT_3D('',#4037,#3211,#3212);
#2756=AXIS2_PLACEMENT_3D('',#4041,#3214,#3215);
#2757=AXIS2_PLACEMENT_3D('',#4044,#3217,#3218);
#2758=AXIS2_PLACEMENT_3D('',#4046,#3219,#3220);
#2759=AXIS2_PLACEMENT_3D('',#4049,#3221,#3222);
#2760=AXIS2_PLACEMENT_3D('',#4053,#3224,#3225);
#2761=AXIS2_PLACEMENT_3D('',#4057,#3227,#3228);
#2762=AXIS2_PLACEMENT_3D('',#4061,#3230,#3231);
#2763=AXIS2_PLACEMENT_3D('',#4065,#3233,#3234);
#2764=AXIS2_PLACEMENT_3D('',#4069,#3236,#3237);
#2765=AXIS2_PLACEMENT_3D('',#4073,#3239,#3240);
#2766=AXIS2_PLACEMENT_3D('',#4077,#3242,#3243);
#2767=AXIS2_PLACEMENT_3D('',#4080,#3245,#3246);
#2768=AXIS2_PLACEMENT_3D('',#4083,#3247,#3248);
#2769=AXIS2_PLACEMENT_3D('',#4087,#3250,#3251);
#2770=AXIS2_PLACEMENT_3D('',#4091,#3253,#3254);
#2771=AXIS2_PLACEMENT_3D('',#4095,#3256,#3257);
#2772=AXIS2_PLACEMENT_3D('',#4099,#3259,#3260);
#2773=AXIS2_PLACEMENT_3D('',#4103,#3262,#3263);
#2774=AXIS2_PLACEMENT_3D('',#4107,#3265,#3266);
#2775=AXIS2_PLACEMENT_3D('',#4111,#3268,#3269);
#2776=AXIS2_PLACEMENT_3D('',#4115,#3271,#3272);
#2777=AXIS2_PLACEMENT_3D('',#4119,#3274,#3275);
#2778=AXIS2_PLACEMENT_3D('',#4123,#3277,#3278);
#2779=AXIS2_PLACEMENT_3D('',#4127,#3280,#3281);
#2780=AXIS2_PLACEMENT_3D('',#4135,#3286,#3287);
#2781=AXIS2_PLACEMENT_3D('',#4137,#3288,#3289);
#2782=AXIS2_PLACEMENT_3D('',#4140,#3290,#3291);
#2783=AXIS2_PLACEMENT_3D('',#4144,#3293,#3294);
#2784=AXIS2_PLACEMENT_3D('',#4148,#3296,#3297);
#2785=AXIS2_PLACEMENT_3D('',#4152,#3299,#3300);
#2786=AXIS2_PLACEMENT_3D('',#4156,#3302,#3303);
#2787=AXIS2_PLACEMENT_3D('',#4160,#3305,#3306);
#2788=AXIS2_PLACEMENT_3D('',#4164,#3308,#3309);
#2789=AXIS2_PLACEMENT_3D('',#4168,#3311,#3312);
#2790=AXIS2_PLACEMENT_3D('',#4172,#3314,#3315);
#2791=AXIS2_PLACEMENT_3D('',#4176,#3317,#3318);
#2792=AXIS2_PLACEMENT_3D('',#4180,#3320,#3321);
#2793=AXIS2_PLACEMENT_3D('',#4184,#3323,#3324);
#2794=AXIS2_PLACEMENT_3D('',#4188,#3326,#3327);
#2795=AXIS2_PLACEMENT_3D('',#4192,#3329,#3330);
#2796=AXIS2_PLACEMENT_3D('',#4196,#3332,#3333);
#2797=AXIS2_PLACEMENT_3D('',#4200,#3335,#3336);
#2798=AXIS2_PLACEMENT_3D('',#4204,#3338,#3339);
#2799=AXIS2_PLACEMENT_3D('',#4208,#3341,#3342);
#2800=AXIS2_PLACEMENT_3D('',#4212,#3344,#3345);
#2801=AXIS2_PLACEMENT_3D('',#4216,#3347,#3348);
#2802=AXIS2_PLACEMENT_3D('',#4220,#3350,#3351);
#2803=AXIS2_PLACEMENT_3D('',#4224,#3353,#3354);
#2804=AXIS2_PLACEMENT_3D('',#4228,#3356,#3357);
#2805=AXIS2_PLACEMENT_3D('',#4232,#3359,#3360);
#2806=AXIS2_PLACEMENT_3D('',#4236,#3362,#3363);
#2807=AXIS2_PLACEMENT_3D('',#4240,#3365,#3366);
#2808=AXIS2_PLACEMENT_3D('',#4244,#3368,#3369);
#2809=AXIS2_PLACEMENT_3D('',#4248,#3371,#3372);
#2810=AXIS2_PLACEMENT_3D('',#4250,#3374,#3375);
#2811=AXIS2_PLACEMENT_3D('',#4252,#3377,#3378);
#2812=AXIS2_PLACEMENT_3D('',#4254,#3380,#3381);
#2813=AXIS2_PLACEMENT_3D('',#4256,#3383,#3384);
#2814=AXIS2_PLACEMENT_3D('',#4259,#3387,#3388);
#2815=AXIS2_PLACEMENT_3D('',#4261,#3390,#3391);
#2816=AXIS2_PLACEMENT_3D('',#4263,#3393,#3394);
#2817=AXIS2_PLACEMENT_3D('',#4265,#3396,#3397);
#2818=AXIS2_PLACEMENT_3D('',#4267,#3399,#3400);
#2819=AXIS2_PLACEMENT_3D('',#4269,#3402,#3403);
#2820=AXIS2_PLACEMENT_3D('',#4271,#3405,#3406);
#2821=AXIS2_PLACEMENT_3D('',#4272,#3407,#3408);
#2822=AXIS2_PLACEMENT_3D('',#4275,#3411,#3412);
#2823=AXIS2_PLACEMENT_3D('',#4277,#3414,#3415);
#2824=AXIS2_PLACEMENT_3D('',#4279,#3417,#3418);
#2825=AXIS2_PLACEMENT_3D('',#4281,#3420,#3421);
#2826=AXIS2_PLACEMENT_3D('',#4283,#3423,#3424);
#2827=AXIS2_PLACEMENT_3D('',#4285,#3426,#3427);
#2828=AXIS2_PLACEMENT_3D('',#4287,#3429,#3430);
#2829=AXIS2_PLACEMENT_3D('',#4288,#3431,#3432);
#2830=AXIS2_PLACEMENT_3D('',#4291,#3435,#3436);
#2831=AXIS2_PLACEMENT_3D('',#4293,#3438,#3439);
#2832=AXIS2_PLACEMENT_3D('',#4295,#3441,#3442);
#2833=AXIS2_PLACEMENT_3D('',#4297,#3444,#3445);
#2834=AXIS2_PLACEMENT_3D('',#4299,#3447,#3448);
#2835=AXIS2_PLACEMENT_3D('',#4301,#3450,#3451);
#2836=AXIS2_PLACEMENT_3D('',#4303,#3453,#3454);
#2837=AXIS2_PLACEMENT_3D('',#4304,#3455,#3456);
#2838=AXIS2_PLACEMENT_3D('',#4307,#3459,#3460);
#2839=AXIS2_PLACEMENT_3D('',#4309,#3462,#3463);
#2840=AXIS2_PLACEMENT_3D('',#4311,#3465,#3466);
#2841=AXIS2_PLACEMENT_3D('',#4313,#3468,#3469);
#2842=AXIS2_PLACEMENT_3D('',#4315,#3471,#3472);
#2843=AXIS2_PLACEMENT_3D('',#4317,#3474,#3475);
#2844=AXIS2_PLACEMENT_3D('',#4319,#3477,#3478);
#2845=AXIS2_PLACEMENT_3D('',#4320,#3479,#3480);
#2846=AXIS2_PLACEMENT_3D('',#4323,#3483,#3484);
#2847=AXIS2_PLACEMENT_3D('',#4325,#3486,#3487);
#2848=AXIS2_PLACEMENT_3D('',#4327,#3489,#3490);
#2849=AXIS2_PLACEMENT_3D('',#4329,#3492,#3493);
#2850=AXIS2_PLACEMENT_3D('',#4331,#3495,#3496);
#2851=AXIS2_PLACEMENT_3D('',#4333,#3498,#3499);
#2852=AXIS2_PLACEMENT_3D('',#4335,#3501,#3502);
#2853=AXIS2_PLACEMENT_3D('',#4336,#3503,#3504);
#2854=AXIS2_PLACEMENT_3D('',#4339,#3507,#3508);
#2855=AXIS2_PLACEMENT_3D('',#4341,#3510,#3511);
#2856=AXIS2_PLACEMENT_3D('',#4343,#3513,#3514);
#2857=AXIS2_PLACEMENT_3D('',#4345,#3516,#3517);
#2858=AXIS2_PLACEMENT_3D('',#4347,#3519,#3520);
#2859=AXIS2_PLACEMENT_3D('',#4349,#3522,#3523);
#2860=AXIS2_PLACEMENT_3D('',#4351,#3525,#3526);
#2861=AXIS2_PLACEMENT_3D('',#4352,#3527,#3528);
#2862=AXIS2_PLACEMENT_3D('',#4355,#3531,#3532);
#2863=AXIS2_PLACEMENT_3D('',#4357,#3534,#3535);
#2864=AXIS2_PLACEMENT_3D('',#4359,#3537,#3538);
#2865=AXIS2_PLACEMENT_3D('',#4361,#3540,#3541);
#2866=AXIS2_PLACEMENT_3D('',#4363,#3543,#3544);
#2867=AXIS2_PLACEMENT_3D('',#4365,#3546,#3547);
#2868=AXIS2_PLACEMENT_3D('',#4367,#3549,#3550);
#2869=AXIS2_PLACEMENT_3D('',#4368,#3551,#3552);
#2870=AXIS2_PLACEMENT_3D('',#4370,#3554,#3555);
#2871=AXIS2_PLACEMENT_3D('',#4372,#3557,#3558);
#2872=AXIS2_PLACEMENT_3D('',#4375,#3561,#3562);
#2873=AXIS2_PLACEMENT_3D('',#4377,#3564,#3565);
#2874=AXIS2_PLACEMENT_3D('',#4379,#3567,#3568);
#2875=AXIS2_PLACEMENT_3D('',#4382,#3571,#3572);
#2876=AXIS2_PLACEMENT_3D('',#4384,#3574,#3575);
#2877=AXIS2_PLACEMENT_3D('',#4386,#3577,#3578);
#2878=AXIS2_PLACEMENT_3D('',#4388,#3580,#3581);
#2879=AXIS2_PLACEMENT_3D('',#4390,#3583,#3584);
#2880=AXIS2_PLACEMENT_3D('',#4392,#3586,#3587);
#2881=AXIS2_PLACEMENT_3D('',#4394,#3589,#3590);
#2882=AXIS2_PLACEMENT_3D('',#4395,#3591,#3592);
#2883=AXIS2_PLACEMENT_3D('',#4398,#3595,#3596);
#2884=AXIS2_PLACEMENT_3D('',#4400,#3598,#3599);
#2885=AXIS2_PLACEMENT_3D('',#4402,#3601,#3602);
#2886=AXIS2_PLACEMENT_3D('',#4404,#3604,#3605);
#2887=AXIS2_PLACEMENT_3D('',#4406,#3607,#3608);
#2888=AXIS2_PLACEMENT_3D('',#4408,#3610,#3611);
#2889=AXIS2_PLACEMENT_3D('',#4410,#3613,#3614);
#2890=AXIS2_PLACEMENT_3D('',#4411,#3615,#3616);
#2891=AXIS2_PLACEMENT_3D('',#4414,#3619,#3620);
#2892=AXIS2_PLACEMENT_3D('',#4416,#3622,#3623);
#2893=AXIS2_PLACEMENT_3D('',#4418,#3625,#3626);
#2894=AXIS2_PLACEMENT_3D('',#4420,#3628,#3629);
#2895=AXIS2_PLACEMENT_3D('',#4422,#3631,#3632);
#2896=AXIS2_PLACEMENT_3D('',#4424,#3634,#3635);
#2897=AXIS2_PLACEMENT_3D('',#4426,#3637,#3638);
#2898=AXIS2_PLACEMENT_3D('',#4427,#3639,#3640);
#2899=AXIS2_PLACEMENT_3D('',#4429,#3642,#3643);
#2900=AXIS2_PLACEMENT_3D('',#4432,#3646,#3647);
#2901=AXIS2_PLACEMENT_3D('',#4434,#3649,#3650);
#2902=AXIS2_PLACEMENT_3D('',#4436,#3652,#3653);
#2903=AXIS2_PLACEMENT_3D('',#4438,#3655,#3656);
#2904=AXIS2_PLACEMENT_3D('',#4440,#3658,#3659);
#2905=AXIS2_PLACEMENT_3D('',#4442,#3661,#3662);
#2906=AXIS2_PLACEMENT_3D('',#4444,#3664,#3665);
#2907=AXIS2_PLACEMENT_3D('',#4445,#3666,#3667);
#2908=AXIS2_PLACEMENT_3D('',#4448,#3670,#3671);
#2909=AXIS2_PLACEMENT_3D('',#4450,#3673,#3674);
#2910=AXIS2_PLACEMENT_3D('',#4452,#3676,#3677);
#2911=AXIS2_PLACEMENT_3D('',#4454,#3679,#3680);
#2912=AXIS2_PLACEMENT_3D('',#4456,#3682,#3683);
#2913=AXIS2_PLACEMENT_3D('',#4458,#3685,#3686);
#2914=AXIS2_PLACEMENT_3D('',#4460,#3688,#3689);
#2915=AXIS2_PLACEMENT_3D('',#4461,#3690,#3691);
#2916=AXIS2_PLACEMENT_3D('',#4463,#3693,#3694);
#2917=AXIS2_PLACEMENT_3D('',#4464,#3695,#3696);
#2918=AXIS2_PLACEMENT_3D('',#4465,#3697,#3698);
#2919=DIRECTION('axis',(0.,0.,1.));
#2920=DIRECTION('refdir',(1.,0.,0.));
#2921=DIRECTION('center_axis',(0.,0.,1.));
#2922=DIRECTION('ref_axis',(0.707106781186554,0.707106781186541,0.));
#2923=DIRECTION('center_axis',(0.,0.,-1.));
#2924=DIRECTION('ref_axis',(0.707106781186554,0.707106781186541,0.));
#2925=DIRECTION('',(0.,0.,-1.));
#2926=DIRECTION('center_axis',(0.,0.,-1.));
#2927=DIRECTION('ref_axis',(0.707106781186554,0.707106781186541,0.));
#2928=DIRECTION('',(0.,0.,1.));
#2929=DIRECTION('center_axis',(1.,0.,0.));
#2930=DIRECTION('ref_axis',(0.,1.,0.));
#2931=DIRECTION('',(0.,1.,0.));
#2932=DIRECTION('',(0.,1.,0.));
#2933=DIRECTION('',(0.,0.,1.));
#2934=DIRECTION('',(0.,1.,0.));
#2935=DIRECTION('',(0.,0.,1.));
#2936=DIRECTION('',(0.,-1.,0.));
#2937=DIRECTION('',(0.,0.,1.));
#2938=DIRECTION('center_axis',(0.,0.,1.));
#2939=DIRECTION('ref_axis',(1.,0.,0.));
#2940=DIRECTION('',(-1.,0.,0.));
#2941=DIRECTION('center_axis',(0.,0.,-1.));
#2942=DIRECTION('ref_axis',(-0.707106781186554,0.707106781186541,0.));
#2943=DIRECTION('',(0.,-1.,0.));
#2944=DIRECTION('center_axis',(0.,0.,-1.));
#2945=DIRECTION('ref_axis',(-0.70710678118656,-0.707106781186535,0.));
#2946=DIRECTION('',(1.,0.,0.));
#2947=DIRECTION('center_axis',(0.,0.,-1.));
#2948=DIRECTION('ref_axis',(0.707106781186548,-0.707106781186548,0.));
#2949=DIRECTION('center_axis',(0.,0.,1.));
#2950=DIRECTION('ref_axis',(0.707106781186548,-0.707106781186548,0.));
#2951=DIRECTION('',(0.,0.,-1.));
#2952=DIRECTION('center_axis',(0.,0.,-1.));
#2953=DIRECTION('ref_axis',(0.707106781186548,-0.707106781186548,0.));
#2954=DIRECTION('center_axis',(0.,-1.,0.));
#2955=DIRECTION('ref_axis',(1.,0.,0.));
#2956=DIRECTION('',(0.,0.,1.));
#2957=DIRECTION('',(1.,0.,0.));
#2958=DIRECTION('center_axis',(0.,0.,1.));
#2959=DIRECTION('ref_axis',(-0.707106781186554,0.707106781186541,0.));
#2960=DIRECTION('',(0.,0.,-1.));
#2961=DIRECTION('center_axis',(0.,0.,-1.));
#2962=DIRECTION('ref_axis',(-0.707106781186554,0.707106781186541,0.));
#2963=DIRECTION('',(0.,0.,1.));
#2964=DIRECTION('center_axis',(-1.,0.,0.));
#2965=DIRECTION('ref_axis',(0.,-1.,0.));
#2966=DIRECTION('',(0.,-1.,0.));
#2967=DIRECTION('',(0.,0.,-1.));
#2968=DIRECTION('center_axis',(0.,0.,1.));
#2969=DIRECTION('ref_axis',(-0.70710678118656,-0.707106781186535,0.));
#2970=DIRECTION('center_axis',(0.,0.,-1.));
#2971=DIRECTION('ref_axis',(-0.70710678118656,-0.707106781186535,0.));
#2972=DIRECTION('center_axis',(1.,0.,0.));
#2973=DIRECTION('ref_axis',(0.,1.,0.));
#2974=DIRECTION('',(0.,1.,0.));
#2975=DIRECTION('',(0.,0.,1.));
#2976=DIRECTION('',(0.,1.,0.));
#2977=DIRECTION('',(0.,0.,1.));
#2978=DIRECTION('center_axis',(0.,0.,-1.));
#2979=DIRECTION('ref_axis',(-1.,0.,0.));
#2980=DIRECTION('center_axis',(1.,0.,0.));
#2981=DIRECTION('ref_axis',(0.,1.,0.));
#2982=DIRECTION('center_axis',(0.,0.,-1.));
#2983=DIRECTION('ref_axis',(0.707106781186548,0.707106781186548,0.));
#2984=DIRECTION('center_axis',(0.,1.,0.));
#2985=DIRECTION('ref_axis',(0.,0.,1.));
#2986=DIRECTION('center_axis',(0.,0.,1.));
#2987=DIRECTION('ref_axis',(0.707106781186548,0.707106781186548,0.));
#2988=DIRECTION('center_axis',(0.,1.,0.));
#2989=DIRECTION('ref_axis',(0.707106781186553,0.,0.707106781186542));
#2990=DIRECTION('center_axis',(0.,1.,0.));
#2991=DIRECTION('ref_axis',(0.,0.,1.));
#2992=DIRECTION('',(0.,1.,0.));
#2993=DIRECTION('',(0.,-1.,0.));
#2994=DIRECTION('center_axis',(0.,0.,-1.));
#2995=DIRECTION('ref_axis',(-1.,0.,0.));
#2996=DIRECTION('center_axis',(1.,0.,0.));
#2997=DIRECTION('ref_axis',(0.,0.,1.));
#2998=DIRECTION('center_axis',(0.,0.,1.));
#2999=DIRECTION('ref_axis',(0.707106781186548,-0.707106781186548,0.));
#3000=DIRECTION('center_axis',(0.,0.,-1.));
#3001=DIRECTION('ref_axis',(0.707106781186548,-0.707106781186548,0.));
#3002=DIRECTION('center_axis',(1.,0.,0.));
#3003=DIRECTION('ref_axis',(0.,-0.70710678118654,0.707106781186555));
#3004=DIRECTION('center_axis',(1.,0.,0.));
#3005=DIRECTION('ref_axis',(0.,0.,1.));
#3006=DIRECTION('',(1.,0.,0.));
#3007=DIRECTION('',(-1.,0.,0.));
#3008=DIRECTION('center_axis',(0.,0.,-1.));
#3009=DIRECTION('ref_axis',(-1.,0.,0.));
#3010=DIRECTION('center_axis',(0.,-1.,0.));
#3011=DIRECTION('ref_axis',(0.,0.,1.));
#3012=DIRECTION('center_axis',(0.,0.,1.));
#3013=DIRECTION('ref_axis',(-0.707106781186548,-0.707106781186548,0.));
#3014=DIRECTION('center_axis',(0.,0.,-1.));
#3015=DIRECTION('ref_axis',(-0.707106781186548,-0.707106781186548,0.));
#3016=DIRECTION('center_axis',(0.,-1.,0.));
#3017=DIRECTION('ref_axis',(-0.707106781186553,0.,0.707106781186542));
#3018=DIRECTION('center_axis',(0.,-1.,0.));
#3019=DIRECTION('ref_axis',(0.,0.,1.));
#3020=DIRECTION('',(0.,-1.,0.));
#3021=DIRECTION('',(0.,1.,0.));
#3022=DIRECTION('center_axis',(0.,0.,-1.));
#3023=DIRECTION('ref_axis',(-1.,0.,0.));
#3024=DIRECTION('center_axis',(-1.,0.,0.));
#3025=DIRECTION('ref_axis',(0.,0.,1.));
#3026=DIRECTION('center_axis',(0.,0.,1.));
#3027=DIRECTION('ref_axis',(-0.707106781186548,0.707106781186548,0.));
#3028=DIRECTION('center_axis',(0.,0.,-1.));
#3029=DIRECTION('ref_axis',(-0.707106781186548,0.707106781186548,0.));
#3030=DIRECTION('center_axis',(-1.,0.,0.));
#3031=DIRECTION('ref_axis',(0.,0.707106781186547,0.707106781186548));
#3032=DIRECTION('',(1.,0.,0.));
#3033=DIRECTION('',(-1.,0.,0.));
#3034=DIRECTION('center_axis',(-1.,0.,0.));
#3035=DIRECTION('ref_axis',(0.,-1.,0.));
#3036=DIRECTION('',(0.,0.,1.));
#3037=DIRECTION('',(0.,1.,0.));
#3038=DIRECTION('',(0.,0.,-1.));
#3039=DIRECTION('center_axis',(0.,0.,1.));
#3040=DIRECTION('ref_axis',(-0.707106781186546,0.707106781186549,0.));
#3041=DIRECTION('',(0.,0.,-1.));
#3042=DIRECTION('center_axis',(0.,0.,1.));
#3043=DIRECTION('ref_axis',(-0.707106781186546,0.707106781186549,0.));
#3044=DIRECTION('center_axis',(0.,1.,0.));
#3045=DIRECTION('ref_axis',(-1.,0.,0.));
#3046=DIRECTION('',(0.,0.,1.));
#3047=DIRECTION('',(1.,0.,0.));
#3048=DIRECTION('center_axis',(0.,0.,1.));
#3049=DIRECTION('ref_axis',(0.707106781186546,0.707106781186549,0.));
#3050=DIRECTION('',(0.,0.,-1.));
#3051=DIRECTION('center_axis',(0.,0.,1.));
#3052=DIRECTION('ref_axis',(0.707106781186546,0.707106781186549,0.));
#3053=DIRECTION('center_axis',(0.,0.,1.));
#3054=DIRECTION('ref_axis',(1.,0.,0.));
#3055=DIRECTION('center_axis',(0.,0.,-1.));
#3056=DIRECTION('ref_axis',(0.,1.,0.));
#3057=DIRECTION('',(1.,0.,0.));
#3058=DIRECTION('center_axis',(0.,0.,-1.));
#3059=DIRECTION('ref_axis',(1.,0.,0.));
#3060=DIRECTION('',(0.,-1.,0.));
#3061=DIRECTION('center_axis',(0.,0.,-1.));
#3062=DIRECTION('ref_axis',(0.,-1.,0.));
#3063=DIRECTION('',(-1.,0.,0.));
#3064=DIRECTION('center_axis',(0.,0.,-1.));
#3065=DIRECTION('ref_axis',(-1.,0.,0.));
#3066=DIRECTION('',(0.,1.,0.));
#3067=DIRECTION('center_axis',(0.,0.,-1.));
#3068=DIRECTION('ref_axis',(0.,1.,0.));
#3069=DIRECTION('',(1.,0.,0.));
#3070=DIRECTION('center_axis',(0.,0.,-1.));
#3071=DIRECTION('ref_axis',(1.,0.,0.));
#3072=DIRECTION('',(0.,-1.,0.));
#3073=DIRECTION('center_axis',(0.,0.,-1.));
#3074=DIRECTION('ref_axis',(0.,-1.,0.));
#3075=DIRECTION('',(-1.,0.,0.));
#3076=DIRECTION('center_axis',(0.,0.,-1.));
#3077=DIRECTION('ref_axis',(-1.,0.,0.));
#3078=DIRECTION('',(0.,1.,0.));
#3079=DIRECTION('center_axis',(0.,0.,-1.));
#3080=DIRECTION('ref_axis',(0.,1.,0.));
#3081=DIRECTION('',(1.,0.,0.));
#3082=DIRECTION('center_axis',(0.,0.,-1.));
#3083=DIRECTION('ref_axis',(1.,0.,0.));
#3084=DIRECTION('',(0.,-1.,0.));
#3085=DIRECTION('center_axis',(0.,0.,-1.));
#3086=DIRECTION('ref_axis',(0.,-1.,0.));
#3087=DIRECTION('',(-1.,0.,0.));
#3088=DIRECTION('center_axis',(0.,0.,-1.));
#3089=DIRECTION('ref_axis',(-1.,0.,0.));
#3090=DIRECTION('',(0.,1.,0.));
#3091=DIRECTION('center_axis',(0.,0.,-1.));
#3092=DIRECTION('ref_axis',(0.,1.,0.));
#3093=DIRECTION('',(1.,0.,0.));
#3094=DIRECTION('center_axis',(0.,0.,-1.));
#3095=DIRECTION('ref_axis',(1.,0.,0.));
#3096=DIRECTION('',(0.,-1.,0.));
#3097=DIRECTION('center_axis',(0.,0.,-1.));
#3098=DIRECTION('ref_axis',(0.,-1.,0.));
#3099=DIRECTION('',(-1.,0.,0.));
#3100=DIRECTION('center_axis',(0.,0.,-1.));
#3101=DIRECTION('ref_axis',(-1.,0.,0.));
#3102=DIRECTION('',(0.,1.,0.));
#3103=DIRECTION('center_axis',(0.,0.,-1.));
#3104=DIRECTION('ref_axis',(0.,1.,0.));
#3105=DIRECTION('',(1.,0.,0.));
#3106=DIRECTION('center_axis',(0.,0.,-1.));
#3107=DIRECTION('ref_axis',(1.,0.,0.));
#3108=DIRECTION('',(0.,-1.,0.));
#3109=DIRECTION('center_axis',(0.,0.,-1.));
#3110=DIRECTION('ref_axis',(0.,-1.,0.));
#3111=DIRECTION('',(-1.,0.,0.));
#3112=DIRECTION('center_axis',(0.,0.,-1.));
#3113=DIRECTION('ref_axis',(-1.,0.,0.));
#3114=DIRECTION('',(0.,1.,0.));
#3115=DIRECTION('center_axis',(0.,0.,-1.));
#3116=DIRECTION('ref_axis',(0.,1.,0.));
#3117=DIRECTION('',(1.,0.,0.));
#3118=DIRECTION('center_axis',(0.,0.,-1.));
#3119=DIRECTION('ref_axis',(1.,0.,0.));
#3120=DIRECTION('',(0.,-1.,0.));
#3121=DIRECTION('center_axis',(0.,0.,-1.));
#3122=DIRECTION('ref_axis',(0.,-1.,0.));
#3123=DIRECTION('',(-1.,0.,0.));
#3124=DIRECTION('center_axis',(0.,0.,-1.));
#3125=DIRECTION('ref_axis',(-1.,0.,0.));
#3126=DIRECTION('',(0.,1.,0.));
#3127=DIRECTION('center_axis',(0.,0.,-1.));
#3128=DIRECTION('ref_axis',(0.,1.,0.));
#3129=DIRECTION('',(1.,0.,0.));
#3130=DIRECTION('center_axis',(0.,0.,-1.));
#3131=DIRECTION('ref_axis',(1.,0.,0.));
#3132=DIRECTION('',(0.,-1.,0.));
#3133=DIRECTION('center_axis',(0.,0.,-1.));
#3134=DIRECTION('ref_axis',(0.,-1.,0.));
#3135=DIRECTION('',(-1.,0.,0.));
#3136=DIRECTION('center_axis',(0.,0.,-1.));
#3137=DIRECTION('ref_axis',(-1.,0.,0.));
#3138=DIRECTION('',(0.,1.,0.));
#3139=DIRECTION('center_axis',(0.,0.,-1.));
#3140=DIRECTION('ref_axis',(1.,0.,0.));
#3141=DIRECTION('center_axis',(0.,0.,-1.));
#3142=DIRECTION('ref_axis',(1.,0.,0.));
#3143=DIRECTION('',(-1.,0.,0.));
#3144=DIRECTION('',(-1.,0.,0.));
#3145=DIRECTION('',(1.,0.,0.));
#3146=DIRECTION('',(0.,-1.,0.));
#3147=DIRECTION('center_axis',(0.,0.,-1.));
#3148=DIRECTION('ref_axis',(0.,1.,0.));
#3149=DIRECTION('',(1.,0.,0.));
#3150=DIRECTION('center_axis',(0.,0.,-1.));
#3151=DIRECTION('ref_axis',(1.,0.,0.));
#3152=DIRECTION('',(0.,-1.,0.));
#3153=DIRECTION('center_axis',(0.,0.,-1.));
#3154=DIRECTION('ref_axis',(0.,-1.,0.));
#3155=DIRECTION('',(-1.,0.,0.));
#3156=DIRECTION('center_axis',(0.,0.,-1.));
#3157=DIRECTION('ref_axis',(-1.,0.,0.));
#3158=DIRECTION('',(0.,1.,0.));
#3159=DIRECTION('center_axis',(0.,0.,-1.));
#3160=DIRECTION('ref_axis',(0.,1.,0.));
#3161=DIRECTION('',(1.,0.,0.));
#3162=DIRECTION('center_axis',(0.,0.,-1.));
#3163=DIRECTION('ref_axis',(1.,0.,0.));
#3164=DIRECTION('',(0.,-1.,0.));
#3165=DIRECTION('center_axis',(0.,0.,-1.));
#3166=DIRECTION('ref_axis',(0.,-1.,0.));
#3167=DIRECTION('',(-1.,0.,0.));
#3168=DIRECTION('center_axis',(0.,0.,-1.));
#3169=DIRECTION('ref_axis',(-1.,0.,0.));
#3170=DIRECTION('',(0.,1.,0.));
#3171=DIRECTION('center_axis',(0.,0.,-1.));
#3172=DIRECTION('ref_axis',(0.,1.,0.));
#3173=DIRECTION('',(1.,0.,0.));
#3174=DIRECTION('center_axis',(0.,0.,-1.));
#3175=DIRECTION('ref_axis',(1.,0.,0.));
#3176=DIRECTION('',(0.,-1.,0.));
#3177=DIRECTION('center_axis',(0.,0.,-1.));
#3178=DIRECTION('ref_axis',(0.,-1.,0.));
#3179=DIRECTION('',(-1.,0.,0.));
#3180=DIRECTION('center_axis',(0.,0.,-1.));
#3181=DIRECTION('ref_axis',(-1.,0.,0.));
#3182=DIRECTION('',(0.,1.,0.));
#3183=DIRECTION('center_axis',(0.,0.,-1.));
#3184=DIRECTION('ref_axis',(1.,0.,0.));
#3185=DIRECTION('center_axis',(0.,0.,-1.));
#3186=DIRECTION('ref_axis',(0.,1.,0.));
#3187=DIRECTION('',(1.,0.,0.));
#3188=DIRECTION('center_axis',(0.,0.,-1.));
#3189=DIRECTION('ref_axis',(1.,0.,0.));
#3190=DIRECTION('',(0.,-1.,0.));
#3191=DIRECTION('center_axis',(0.,0.,-1.));
#3192=DIRECTION('ref_axis',(0.,-1.,0.));
#3193=DIRECTION('',(-1.,0.,0.));
#3194=DIRECTION('center_axis',(0.,0.,-1.));
#3195=DIRECTION('ref_axis',(-1.,0.,0.));
#3196=DIRECTION('',(0.,1.,0.));
#3197=DIRECTION('center_axis',(0.,0.,-1.));
#3198=DIRECTION('ref_axis',(0.,1.,0.));
#3199=DIRECTION('',(1.,0.,0.));
#3200=DIRECTION('center_axis',(0.,0.,-1.));
#3201=DIRECTION('ref_axis',(1.,0.,0.));
#3202=DIRECTION('',(0.,-1.,0.));
#3203=DIRECTION('center_axis',(0.,0.,-1.));
#3204=DIRECTION('ref_axis',(0.,-1.,0.));
#3205=DIRECTION('',(-1.,0.,0.));
#3206=DIRECTION('center_axis',(0.,0.,-1.));
#3207=DIRECTION('ref_axis',(-1.,0.,0.));
#3208=DIRECTION('',(0.,1.,0.));
#3209=DIRECTION('center_axis',(0.,0.,-1.));
#3210=DIRECTION('ref_axis',(1.,0.,0.));
#3211=DIRECTION('center_axis',(0.,0.,1.));
#3212=DIRECTION('ref_axis',(1.,0.,0.));
#3213=DIRECTION('',(0.,-1.,0.));
#3214=DIRECTION('center_axis',(0.,0.,1.));
#3215=DIRECTION('ref_axis',(0.707106781186548,-0.707106781186548,0.));
#3216=DIRECTION('',(-1.,0.,0.));
#3217=DIRECTION('center_axis',(0.,0.,1.));
#3218=DIRECTION('ref_axis',(-0.707106781186544,-0.707106781186551,0.));
#3219=DIRECTION('center_axis',(0.,0.,-1.));
#3220=DIRECTION('ref_axis',(1.,0.,0.));
#3221=DIRECTION('center_axis',(0.,0.,-1.));
#3222=DIRECTION('ref_axis',(0.,1.,0.));
#3223=DIRECTION('',(0.,1.,0.));
#3224=DIRECTION('center_axis',(0.,0.,-1.));
#3225=DIRECTION('ref_axis',(-1.,0.,0.));
#3226=DIRECTION('',(-1.,0.,0.));
#3227=DIRECTION('center_axis',(0.,0.,-1.));
#3228=DIRECTION('ref_axis',(0.,-1.,0.));
#3229=DIRECTION('',(0.,-1.,0.));
#3230=DIRECTION('center_axis',(0.,0.,-1.));
#3231=DIRECTION('ref_axis',(1.,0.,0.));
#3232=DIRECTION('',(1.,0.,0.));
#3233=DIRECTION('center_axis',(0.,0.,-1.));
#3234=DIRECTION('ref_axis',(0.,1.,0.));
#3235=DIRECTION('',(0.,1.,0.));
#3236=DIRECTION('center_axis',(0.,0.,-1.));
#3237=DIRECTION('ref_axis',(-1.,0.,0.));
#3238=DIRECTION('',(-1.,0.,0.));
#3239=DIRECTION('center_axis',(0.,0.,-1.));
#3240=DIRECTION('ref_axis',(0.,-1.,0.));
#3241=DIRECTION('',(0.,-1.,0.));
#3242=DIRECTION('center_axis',(0.,0.,-1.));
#3243=DIRECTION('ref_axis',(1.,0.,0.));
#3244=DIRECTION('',(1.,0.,0.));
#3245=DIRECTION('center_axis',(0.,0.,-1.));
#3246=DIRECTION('ref_axis',(1.,0.,0.));
#3247=DIRECTION('center_axis',(0.,0.,-1.));
#3248=DIRECTION('ref_axis',(0.,1.,0.));
#3249=DIRECTION('',(0.,1.,0.));
#3250=DIRECTION('center_axis',(0.,0.,-1.));
#3251=DIRECTION('ref_axis',(-1.,0.,0.));
#3252=DIRECTION('',(-1.,0.,0.));
#3253=DIRECTION('center_axis',(0.,0.,-1.));
#3254=DIRECTION('ref_axis',(0.,-1.,0.));
#3255=DIRECTION('',(0.,-1.,0.));
#3256=DIRECTION('center_axis',(0.,0.,-1.));
#3257=DIRECTION('ref_axis',(1.,0.,0.));
#3258=DIRECTION('',(1.,0.,0.));
#3259=DIRECTION('center_axis',(0.,0.,-1.));
#3260=DIRECTION('ref_axis',(0.,1.,0.));
#3261=DIRECTION('',(0.,1.,0.));
#3262=DIRECTION('center_axis',(0.,0.,-1.));
#3263=DIRECTION('ref_axis',(-1.,0.,0.));
#3264=DIRECTION('',(-1.,0.,0.));
#3265=DIRECTION('center_axis',(0.,0.,-1.));
#3266=DIRECTION('ref_axis',(0.,-1.,0.));
#3267=DIRECTION('',(0.,-1.,0.));
#3268=DIRECTION('center_axis',(0.,0.,-1.));
#3269=DIRECTION('ref_axis',(1.,0.,0.));
#3270=DIRECTION('',(1.,0.,0.));
#3271=DIRECTION('center_axis',(0.,0.,-1.));
#3272=DIRECTION('ref_axis',(0.,1.,0.));
#3273=DIRECTION('',(0.,1.,0.));
#3274=DIRECTION('center_axis',(0.,0.,-1.));
#3275=DIRECTION('ref_axis',(-1.,0.,0.));
#3276=DIRECTION('',(-1.,0.,0.));
#3277=DIRECTION('center_axis',(0.,0.,-1.));
#3278=DIRECTION('ref_axis',(0.,-1.,0.));
#3279=DIRECTION('',(0.,-1.,0.));
#3280=DIRECTION('center_axis',(0.,0.,-1.));
#3281=DIRECTION('ref_axis',(1.,0.,0.));
#3282=DIRECTION('',(1.,0.,0.));
#3283=DIRECTION('',(-1.,0.,0.));
#3284=DIRECTION('',(0.,-1.,0.));
#3285=DIRECTION('',(1.,0.,0.));
#3286=DIRECTION('center_axis',(0.,0.,-1.));
#3287=DIRECTION('ref_axis',(1.,0.,0.));
#3288=DIRECTION('center_axis',(0.,0.,-1.));
#3289=DIRECTION('ref_axis',(1.,0.,0.));
#3290=DIRECTION('center_axis',(0.,0.,-1.));
#3291=DIRECTION('ref_axis',(0.,1.,0.));
#3292=DIRECTION('',(0.,1.,0.));
#3293=DIRECTION('center_axis',(0.,0.,-1.));
#3294=DIRECTION('ref_axis',(-1.,0.,0.));
#3295=DIRECTION('',(-1.,0.,0.));
#3296=DIRECTION('center_axis',(0.,0.,-1.));
#3297=DIRECTION('ref_axis',(0.,-1.,0.));
#3298=DIRECTION('',(0.,-1.,0.));
#3299=DIRECTION('center_axis',(0.,0.,-1.));
#3300=DIRECTION('ref_axis',(1.,0.,0.));
#3301=DIRECTION('',(1.,0.,0.));
#3302=DIRECTION('center_axis',(0.,0.,-1.));
#3303=DIRECTION('ref_axis',(0.,1.,0.));
#3304=DIRECTION('',(0.,1.,0.));
#3305=DIRECTION('center_axis',(0.,0.,-1.));
#3306=DIRECTION('ref_axis',(-1.,0.,0.));
#3307=DIRECTION('',(-1.,0.,0.));
#3308=DIRECTION('center_axis',(0.,0.,-1.));
#3309=DIRECTION('ref_axis',(0.,-1.,0.));
#3310=DIRECTION('',(0.,-1.,0.));
#3311=DIRECTION('center_axis',(0.,0.,-1.));
#3312=DIRECTION('ref_axis',(1.,0.,0.));
#3313=DIRECTION('',(1.,0.,0.));
#3314=DIRECTION('center_axis',(0.,0.,-1.));
#3315=DIRECTION('ref_axis',(0.,1.,0.));
#3316=DIRECTION('',(0.,1.,0.));
#3317=DIRECTION('center_axis',(0.,0.,-1.));
#3318=DIRECTION('ref_axis',(-1.,0.,0.));
#3319=DIRECTION('',(-1.,0.,0.));
#3320=DIRECTION('center_axis',(0.,0.,-1.));
#3321=DIRECTION('ref_axis',(0.,-1.,0.));
#3322=DIRECTION('',(0.,-1.,0.));
#3323=DIRECTION('center_axis',(0.,0.,-1.));
#3324=DIRECTION('ref_axis',(1.,0.,0.));
#3325=DIRECTION('',(1.,0.,0.));
#3326=DIRECTION('center_axis',(0.,0.,-1.));
#3327=DIRECTION('ref_axis',(0.,1.,0.));
#3328=DIRECTION('',(0.,1.,0.));
#3329=DIRECTION('center_axis',(0.,0.,-1.));
#3330=DIRECTION('ref_axis',(-1.,0.,0.));
#3331=DIRECTION('',(-1.,0.,0.));
#3332=DIRECTION('center_axis',(0.,0.,-1.));
#3333=DIRECTION('ref_axis',(0.,-1.,0.));
#3334=DIRECTION('',(0.,-1.,0.));
#3335=DIRECTION('center_axis',(0.,0.,-1.));
#3336=DIRECTION('ref_axis',(1.,0.,0.));
#3337=DIRECTION('',(1.,0.,0.));
#3338=DIRECTION('center_axis',(0.,0.,-1.));
#3339=DIRECTION('ref_axis',(0.,1.,0.));
#3340=DIRECTION('',(0.,1.,0.));
#3341=DIRECTION('center_axis',(0.,0.,-1.));
#3342=DIRECTION('ref_axis',(-1.,0.,0.));
#3343=DIRECTION('',(-1.,0.,0.));
#3344=DIRECTION('center_axis',(0.,0.,-1.));
#3345=DIRECTION('ref_axis',(0.,-1.,0.));
#3346=DIRECTION('',(0.,-1.,0.));
#3347=DIRECTION('center_axis',(0.,0.,-1.));
#3348=DIRECTION('ref_axis',(1.,0.,0.));
#3349=DIRECTION('',(1.,0.,0.));
#3350=DIRECTION('center_axis',(0.,0.,-1.));
#3351=DIRECTION('ref_axis',(0.,1.,0.));
#3352=DIRECTION('',(0.,1.,0.));
#3353=DIRECTION('center_axis',(0.,0.,-1.));
#3354=DIRECTION('ref_axis',(-1.,0.,0.));
#3355=DIRECTION('',(-1.,0.,0.));
#3356=DIRECTION('center_axis',(0.,0.,-1.));
#3357=DIRECTION('ref_axis',(0.,-1.,0.));
#3358=DIRECTION('',(0.,-1.,0.));
#3359=DIRECTION('center_axis',(0.,0.,-1.));
#3360=DIRECTION('ref_axis',(1.,0.,0.));
#3361=DIRECTION('',(1.,0.,0.));
#3362=DIRECTION('center_axis',(0.,0.,-1.));
#3363=DIRECTION('ref_axis',(0.,1.,0.));
#3364=DIRECTION('',(0.,1.,0.));
#3365=DIRECTION('center_axis',(0.,0.,-1.));
#3366=DIRECTION('ref_axis',(-1.,0.,0.));
#3367=DIRECTION('',(-1.,0.,0.));
#3368=DIRECTION('center_axis',(0.,0.,-1.));
#3369=DIRECTION('ref_axis',(0.,-1.,0.));
#3370=DIRECTION('',(0.,-1.,0.));
#3371=DIRECTION('center_axis',(0.,0.,-1.));
#3372=DIRECTION('ref_axis',(1.,0.,0.));
#3373=DIRECTION('',(1.,0.,0.));
#3374=DIRECTION('center_axis',(0.,0.,1.));
#3375=DIRECTION('ref_axis',(-0.707106781186544,-0.707106781186551,0.));
#3376=DIRECTION('',(0.,0.,1.));
#3377=DIRECTION('center_axis',(0.,-1.,0.));
#3378=DIRECTION('ref_axis',(1.,0.,0.));
#3379=DIRECTION('',(0.,0.,-1.));
#3380=DIRECTION('center_axis',(0.,0.,1.));
#3381=DIRECTION('ref_axis',(0.707106781186548,-0.707106781186548,0.));
#3382=DIRECTION('',(0.,0.,1.));
#3383=DIRECTION('center_axis',(1.,0.,0.));
#3384=DIRECTION('ref_axis',(0.,1.,0.));
#3385=DIRECTION('',(0.,0.,1.));
#3386=DIRECTION('',(0.,0.,1.));
#3387=DIRECTION('center_axis',(0.,0.,1.));
#3388=DIRECTION('ref_axis',(-1.,0.,0.));
#3389=DIRECTION('',(0.,0.,1.));
#3390=DIRECTION('center_axis',(0.,1.,0.));
#3391=DIRECTION('ref_axis',(-1.,0.,0.));
#3392=DIRECTION('',(0.,0.,1.));
#3393=DIRECTION('center_axis',(0.,0.,1.));
#3394=DIRECTION('ref_axis',(0.,-1.,0.));
#3395=DIRECTION('',(0.,0.,1.));
#3396=DIRECTION('center_axis',(-1.,0.,0.));
#3397=DIRECTION('ref_axis',(0.,-1.,0.));
#3398=DIRECTION('',(0.,0.,1.));
#3399=DIRECTION('center_axis',(0.,0.,1.));
#3400=DIRECTION('ref_axis',(1.,0.,0.));
#3401=DIRECTION('',(0.,0.,1.));
#3402=DIRECTION('center_axis',(0.,-1.,0.));
#3403=DIRECTION('ref_axis',(1.,0.,0.));
#3404=DIRECTION('',(0.,0.,1.));
#3405=DIRECTION('center_axis',(0.,0.,1.));
#3406=DIRECTION('ref_axis',(0.,1.,0.));
#3407=DIRECTION('center_axis',(1.,0.,0.));
#3408=DIRECTION('ref_axis',(0.,1.,0.));
#3409=DIRECTION('',(0.,0.,1.));
#3410=DIRECTION('',(0.,0.,1.));
#3411=DIRECTION('center_axis',(0.,0.,1.));
#3412=DIRECTION('ref_axis',(-1.,0.,0.));
#3413=DIRECTION('',(0.,0.,1.));
#3414=DIRECTION('center_axis',(0.,1.,0.));
#3415=DIRECTION('ref_axis',(-1.,0.,0.));
#3416=DIRECTION('',(0.,0.,1.));
#3417=DIRECTION('center_axis',(0.,0.,1.));
#3418=DIRECTION('ref_axis',(0.,-1.,0.));
#3419=DIRECTION('',(0.,0.,1.));
#3420=DIRECTION('center_axis',(-1.,0.,0.));
#3421=DIRECTION('ref_axis',(0.,-1.,0.));
#3422=DIRECTION('',(0.,0.,1.));
#3423=DIRECTION('center_axis',(0.,0.,1.));
#3424=DIRECTION('ref_axis',(1.,0.,0.));
#3425=DIRECTION('',(0.,0.,1.));
#3426=DIRECTION('center_axis',(0.,-1.,0.));
#3427=DIRECTION('ref_axis',(1.,0.,0.));
#3428=DIRECTION('',(0.,0.,1.));
#3429=DIRECTION('center_axis',(0.,0.,1.));
#3430=DIRECTION('ref_axis',(0.,1.,0.));
#3431=DIRECTION('center_axis',(1.,0.,0.));
#3432=DIRECTION('ref_axis',(0.,1.,0.));
#3433=DIRECTION('',(0.,0.,1.));
#3434=DIRECTION('',(0.,0.,1.));
#3435=DIRECTION('center_axis',(0.,0.,1.));
#3436=DIRECTION('ref_axis',(-1.,0.,0.));
#3437=DIRECTION('',(0.,0.,1.));
#3438=DIRECTION('center_axis',(0.,1.,0.));
#3439=DIRECTION('ref_axis',(-1.,0.,0.));
#3440=DIRECTION('',(0.,0.,1.));
#3441=DIRECTION('center_axis',(0.,0.,1.));
#3442=DIRECTION('ref_axis',(0.,-1.,0.));
#3443=DIRECTION('',(0.,0.,1.));
#3444=DIRECTION('center_axis',(-1.,0.,0.));
#3445=DIRECTION('ref_axis',(0.,-1.,0.));
#3446=DIRECTION('',(0.,0.,1.));
#3447=DIRECTION('center_axis',(0.,0.,1.));
#3448=DIRECTION('ref_axis',(1.,0.,0.));
#3449=DIRECTION('',(0.,0.,1.));
#3450=DIRECTION('center_axis',(0.,-1.,0.));
#3451=DIRECTION('ref_axis',(1.,0.,0.));
#3452=DIRECTION('',(0.,0.,1.));
#3453=DIRECTION('center_axis',(0.,0.,1.));
#3454=DIRECTION('ref_axis',(0.,1.,0.));
#3455=DIRECTION('center_axis',(1.,0.,0.));
#3456=DIRECTION('ref_axis',(0.,1.,0.));
#3457=DIRECTION('',(0.,0.,1.));
#3458=DIRECTION('',(0.,0.,1.));
#3459=DIRECTION('center_axis',(0.,0.,1.));
#3460=DIRECTION('ref_axis',(-1.,0.,0.));
#3461=DIRECTION('',(0.,0.,1.));
#3462=DIRECTION('center_axis',(0.,1.,0.));
#3463=DIRECTION('ref_axis',(-1.,0.,0.));
#3464=DIRECTION('',(0.,0.,1.));
#3465=DIRECTION('center_axis',(0.,0.,1.));
#3466=DIRECTION('ref_axis',(0.,-1.,0.));
#3467=DIRECTION('',(0.,0.,1.));
#3468=DIRECTION('center_axis',(-1.,0.,0.));
#3469=DIRECTION('ref_axis',(0.,-1.,0.));
#3470=DIRECTION('',(0.,0.,1.));
#3471=DIRECTION('center_axis',(0.,0.,1.));
#3472=DIRECTION('ref_axis',(1.,0.,0.));
#3473=DIRECTION('',(0.,0.,1.));
#3474=DIRECTION('center_axis',(0.,-1.,0.));
#3475=DIRECTION('ref_axis',(1.,0.,0.));
#3476=DIRECTION('',(0.,0.,1.));
#3477=DIRECTION('center_axis',(0.,0.,1.));
#3478=DIRECTION('ref_axis',(0.,1.,0.));
#3479=DIRECTION('center_axis',(1.,0.,0.));
#3480=DIRECTION('ref_axis',(0.,1.,0.));
#3481=DIRECTION('',(0.,0.,1.));
#3482=DIRECTION('',(0.,0.,1.));
#3483=DIRECTION('center_axis',(0.,0.,1.));
#3484=DIRECTION('ref_axis',(-1.,0.,0.));
#3485=DIRECTION('',(0.,0.,1.));
#3486=DIRECTION('center_axis',(0.,1.,0.));
#3487=DIRECTION('ref_axis',(-1.,0.,0.));
#3488=DIRECTION('',(0.,0.,1.));
#3489=DIRECTION('center_axis',(0.,0.,1.));
#3490=DIRECTION('ref_axis',(0.,-1.,0.));
#3491=DIRECTION('',(0.,0.,1.));
#3492=DIRECTION('center_axis',(-1.,0.,0.));
#3493=DIRECTION('ref_axis',(0.,-1.,0.));
#3494=DIRECTION('',(0.,0.,1.));
#3495=DIRECTION('center_axis',(0.,0.,1.));
#3496=DIRECTION('ref_axis',(1.,0.,0.));
#3497=DIRECTION('',(0.,0.,1.));
#3498=DIRECTION('center_axis',(0.,-1.,0.));
#3499=DIRECTION('ref_axis',(1.,0.,0.));
#3500=DIRECTION('',(0.,0.,1.));
#3501=DIRECTION('center_axis',(0.,0.,1.));
#3502=DIRECTION('ref_axis',(0.,1.,0.));
#3503=DIRECTION('center_axis',(1.,0.,0.));
#3504=DIRECTION('ref_axis',(0.,1.,0.));
#3505=DIRECTION('',(0.,0.,1.));
#3506=DIRECTION('',(0.,0.,1.));
#3507=DIRECTION('center_axis',(0.,0.,1.));
#3508=DIRECTION('ref_axis',(-1.,0.,0.));
#3509=DIRECTION('',(0.,0.,1.));
#3510=DIRECTION('center_axis',(0.,1.,0.));
#3511=DIRECTION('ref_axis',(-1.,0.,0.));
#3512=DIRECTION('',(0.,0.,1.));
#3513=DIRECTION('center_axis',(0.,0.,1.));
#3514=DIRECTION('ref_axis',(0.,-1.,0.));
#3515=DIRECTION('',(0.,0.,1.));
#3516=DIRECTION('center_axis',(-1.,0.,0.));
#3517=DIRECTION('ref_axis',(0.,-1.,0.));
#3518=DIRECTION('',(0.,0.,1.));
#3519=DIRECTION('center_axis',(0.,0.,1.));
#3520=DIRECTION('ref_axis',(1.,0.,0.));
#3521=DIRECTION('',(0.,0.,1.));
#3522=DIRECTION('center_axis',(0.,-1.,0.));
#3523=DIRECTION('ref_axis',(1.,0.,0.));
#3524=DIRECTION('',(0.,0.,1.));
#3525=DIRECTION('center_axis',(0.,0.,1.));
#3526=DIRECTION('ref_axis',(0.,1.,0.));
#3527=DIRECTION('center_axis',(1.,0.,0.));
#3528=DIRECTION('ref_axis',(0.,1.,0.));
#3529=DIRECTION('',(0.,0.,1.));
#3530=DIRECTION('',(0.,0.,1.));
#3531=DIRECTION('center_axis',(0.,0.,1.));
#3532=DIRECTION('ref_axis',(-1.,0.,0.));
#3533=DIRECTION('',(0.,0.,1.));
#3534=DIRECTION('center_axis',(0.,1.,0.));
#3535=DIRECTION('ref_axis',(-1.,0.,0.));
#3536=DIRECTION('',(0.,0.,1.));
#3537=DIRECTION('center_axis',(0.,0.,1.));
#3538=DIRECTION('ref_axis',(0.,-1.,0.));
#3539=DIRECTION('',(0.,0.,1.));
#3540=DIRECTION('center_axis',(-1.,0.,0.));
#3541=DIRECTION('ref_axis',(0.,-1.,0.));
#3542=DIRECTION('',(0.,0.,1.));
#3543=DIRECTION('center_axis',(0.,0.,1.));
#3544=DIRECTION('ref_axis',(1.,0.,0.));
#3545=DIRECTION('',(0.,0.,1.));
#3546=DIRECTION('center_axis',(0.,-1.,0.));
#3547=DIRECTION('ref_axis',(1.,0.,0.));
#3548=DIRECTION('',(0.,0.,1.));
#3549=DIRECTION('center_axis',(0.,0.,1.));
#3550=DIRECTION('ref_axis',(0.,1.,0.));
#3551=DIRECTION('center_axis',(0.,0.,1.));
#3552=DIRECTION('ref_axis',(1.,0.,0.));
#3553=DIRECTION('',(0.,0.,-1.));
#3554=DIRECTION('center_axis',(0.,0.,1.));
#3555=DIRECTION('ref_axis',(1.,0.,0.));
#3556=DIRECTION('',(0.,0.,-1.));
#3557=DIRECTION('center_axis',(-1.,0.,0.));
#3558=DIRECTION('ref_axis',(0.,-1.,0.));
#3559=DIRECTION('',(0.,0.,1.));
#3560=DIRECTION('',(0.,0.,1.));
#3561=DIRECTION('center_axis',(0.,-1.,0.));
#3562=DIRECTION('ref_axis',(1.,0.,0.));
#3563=DIRECTION('',(1.,0.,0.));
#3564=DIRECTION('center_axis',(0.,1.,0.));
#3565=DIRECTION('ref_axis',(-1.,0.,0.));
#3566=DIRECTION('',(-1.,0.,0.));
#3567=DIRECTION('center_axis',(1.,0.,0.));
#3568=DIRECTION('ref_axis',(0.,1.,0.));
#3569=DIRECTION('',(0.,0.,1.));
#3570=DIRECTION('',(0.,0.,1.));
#3571=DIRECTION('center_axis',(0.,0.,1.));
#3572=DIRECTION('ref_axis',(-1.,0.,0.));
#3573=DIRECTION('',(0.,0.,1.));
#3574=DIRECTION('center_axis',(0.,1.,0.));
#3575=DIRECTION('ref_axis',(-1.,0.,0.));
#3576=DIRECTION('',(0.,0.,1.));
#3577=DIRECTION('center_axis',(0.,0.,1.));
#3578=DIRECTION('ref_axis',(0.,-1.,0.));
#3579=DIRECTION('',(0.,0.,1.));
#3580=DIRECTION('center_axis',(-1.,0.,0.));
#3581=DIRECTION('ref_axis',(0.,-1.,0.));
#3582=DIRECTION('',(0.,0.,1.));
#3583=DIRECTION('center_axis',(0.,0.,1.));
#3584=DIRECTION('ref_axis',(1.,0.,0.));
#3585=DIRECTION('',(0.,0.,1.));
#3586=DIRECTION('center_axis',(0.,-1.,0.));
#3587=DIRECTION('ref_axis',(1.,0.,0.));
#3588=DIRECTION('',(0.,0.,1.));
#3589=DIRECTION('center_axis',(0.,0.,1.));
#3590=DIRECTION('ref_axis',(0.,1.,0.));
#3591=DIRECTION('center_axis',(1.,0.,0.));
#3592=DIRECTION('ref_axis',(0.,1.,0.));
#3593=DIRECTION('',(0.,0.,1.));
#3594=DIRECTION('',(0.,0.,1.));
#3595=DIRECTION('center_axis',(0.,0.,1.));
#3596=DIRECTION('ref_axis',(-1.,0.,0.));
#3597=DIRECTION('',(0.,0.,1.));
#3598=DIRECTION('center_axis',(0.,1.,0.));
#3599=DIRECTION('ref_axis',(-1.,0.,0.));
#3600=DIRECTION('',(0.,0.,1.));
#3601=DIRECTION('center_axis',(0.,0.,1.));
#3602=DIRECTION('ref_axis',(0.,-1.,0.));
#3603=DIRECTION('',(0.,0.,1.));
#3604=DIRECTION('center_axis',(-1.,0.,0.));
#3605=DIRECTION('ref_axis',(0.,-1.,0.));
#3606=DIRECTION('',(0.,0.,1.));
#3607=DIRECTION('center_axis',(0.,0.,1.));
#3608=DIRECTION('ref_axis',(1.,0.,0.));
#3609=DIRECTION('',(0.,0.,1.));
#3610=DIRECTION('center_axis',(0.,-1.,0.));
#3611=DIRECTION('ref_axis',(1.,0.,0.));
#3612=DIRECTION('',(0.,0.,1.));
#3613=DIRECTION('center_axis',(0.,0.,1.));
#3614=DIRECTION('ref_axis',(0.,1.,0.));
#3615=DIRECTION('center_axis',(1.,0.,0.));
#3616=DIRECTION('ref_axis',(0.,1.,0.));
#3617=DIRECTION('',(0.,0.,1.));
#3618=DIRECTION('',(0.,0.,1.));
#3619=DIRECTION('center_axis',(0.,0.,1.));
#3620=DIRECTION('ref_axis',(-1.,0.,0.));
#3621=DIRECTION('',(0.,0.,1.));
#3622=DIRECTION('center_axis',(0.,1.,0.));
#3623=DIRECTION('ref_axis',(-1.,0.,0.));
#3624=DIRECTION('',(0.,0.,1.));
#3625=DIRECTION('center_axis',(0.,0.,1.));
#3626=DIRECTION('ref_axis',(0.,-1.,0.));
#3627=DIRECTION('',(0.,0.,1.));
#3628=DIRECTION('center_axis',(-1.,0.,0.));
#3629=DIRECTION('ref_axis',(0.,-1.,0.));
#3630=DIRECTION('',(0.,0.,1.));
#3631=DIRECTION('center_axis',(0.,0.,1.));
#3632=DIRECTION('ref_axis',(1.,0.,0.));
#3633=DIRECTION('',(0.,0.,1.));
#3634=DIRECTION('center_axis',(0.,-1.,0.));
#3635=DIRECTION('ref_axis',(1.,0.,0.));
#3636=DIRECTION('',(0.,0.,1.));
#3637=DIRECTION('center_axis',(0.,0.,1.));
#3638=DIRECTION('ref_axis',(0.,1.,0.));
#3639=DIRECTION('center_axis',(0.,0.,1.));
#3640=DIRECTION('ref_axis',(1.,0.,0.));
#3641=DIRECTION('',(0.,0.,-1.));
#3642=DIRECTION('center_axis',(1.,0.,0.));
#3643=DIRECTION('ref_axis',(0.,1.,0.));
#3644=DIRECTION('',(0.,0.,1.));
#3645=DIRECTION('',(0.,0.,1.));
#3646=DIRECTION('center_axis',(0.,0.,1.));
#3647=DIRECTION('ref_axis',(-1.,0.,0.));
#3648=DIRECTION('',(0.,0.,1.));
#3649=DIRECTION('center_axis',(0.,1.,0.));
#3650=DIRECTION('ref_axis',(-1.,0.,0.));
#3651=DIRECTION('',(0.,0.,1.));
#3652=DIRECTION('center_axis',(0.,0.,1.));
#3653=DIRECTION('ref_axis',(0.,-1.,0.));
#3654=DIRECTION('',(0.,0.,1.));
#3655=DIRECTION('center_axis',(-1.,0.,0.));
#3656=DIRECTION('ref_axis',(0.,-1.,0.));
#3657=DIRECTION('',(0.,0.,1.));
#3658=DIRECTION('center_axis',(0.,0.,1.));
#3659=DIRECTION('ref_axis',(1.,0.,0.));
#3660=DIRECTION('',(0.,0.,1.));
#3661=DIRECTION('center_axis',(0.,-1.,0.));
#3662=DIRECTION('ref_axis',(1.,0.,0.));
#3663=DIRECTION('',(0.,0.,1.));
#3664=DIRECTION('center_axis',(0.,0.,1.));
#3665=DIRECTION('ref_axis',(0.,1.,0.));
#3666=DIRECTION('center_axis',(1.,0.,0.));
#3667=DIRECTION('ref_axis',(0.,1.,0.));
#3668=DIRECTION('',(0.,0.,1.));
#3669=DIRECTION('',(0.,0.,1.));
#3670=DIRECTION('center_axis',(0.,0.,1.));
#3671=DIRECTION('ref_axis',(-1.,0.,0.));
#3672=DIRECTION('',(0.,0.,1.));
#3673=DIRECTION('center_axis',(0.,1.,0.));
#3674=DIRECTION('ref_axis',(-1.,0.,0.));
#3675=DIRECTION('',(0.,0.,1.));
#3676=DIRECTION('center_axis',(0.,0.,1.));
#3677=DIRECTION('ref_axis',(0.,-1.,0.));
#3678=DIRECTION('',(0.,0.,1.));
#3679=DIRECTION('center_axis',(-1.,0.,0.));
#3680=DIRECTION('ref_axis',(0.,-1.,0.));
#3681=DIRECTION('',(0.,0.,1.));
#3682=DIRECTION('center_axis',(0.,0.,1.));
#3683=DIRECTION('ref_axis',(1.,0.,0.));
#3684=DIRECTION('',(0.,0.,1.));
#3685=DIRECTION('center_axis',(0.,-1.,0.));
#3686=DIRECTION('ref_axis',(1.,0.,0.));
#3687=DIRECTION('',(0.,0.,1.));
#3688=DIRECTION('center_axis',(0.,0.,1.));
#3689=DIRECTION('ref_axis',(0.,1.,0.));
#3690=DIRECTION('center_axis',(0.,0.,1.));
#3691=DIRECTION('ref_axis',(1.,0.,0.));
#3692=DIRECTION('',(0.,0.,-1.));
#3693=DIRECTION('center_axis',(1.,0.,0.));
#3694=DIRECTION('ref_axis',(0.,1.,0.));
#3695=DIRECTION('center_axis',(0.,1.,0.));
#3696=DIRECTION('ref_axis',(-1.,0.,0.));
#3697=DIRECTION('center_axis',(0.,0.,1.));
#3698=DIRECTION('ref_axis',(1.,0.,0.));
#3699=CARTESIAN_POINT('',(0.,0.,0.));
#3700=CARTESIAN_POINT('Origin',(247.950011824491,-72.4700033946428,5.72));
#3701=CARTESIAN_POINT('',(247.950011824491,-71.4700033946428,12.47));
#3702=CARTESIAN_POINT('',(248.950011824491,-72.4700033946428,12.47));
#3703=CARTESIAN_POINT('Origin',(247.950011824491,-72.4700033946428,12.47));
#3704=CARTESIAN_POINT('',(248.950011824491,-72.4700033946428,8.7));
#3705=CARTESIAN_POINT('',(248.950011824491,-72.4700033946428,5.72));
#3706=CARTESIAN_POINT('',(247.950011824491,-71.4700033946428,8.7));
#3707=CARTESIAN_POINT('Origin',(247.950011824491,-72.4700033946428,8.7));
#3708=CARTESIAN_POINT('',(247.950011824491,-71.4700033946428,5.72));
#3709=CARTESIAN_POINT('Origin',(248.950011824491,-83.9200039859861,5.72));
#3710=CARTESIAN_POINT('',(248.950011824491,-71.4700033946428,8.7));
#3711=CARTESIAN_POINT('',(248.950011824491,-94.4212544847687,8.7));
#3712=CARTESIAN_POINT('',(248.950011824491,-82.9200039859861,12.47));
#3713=CARTESIAN_POINT('',(248.950011824491,-71.4700033946428,12.47));
#3714=CARTESIAN_POINT('',(248.950011824491,-82.9200039859861,8.7));
#3715=CARTESIAN_POINT('',(248.950011824491,-82.9200039859861,5.72));
#3716=CARTESIAN_POINT('',(248.950011824491,-83.9200039859861,8.7));
#3717=CARTESIAN_POINT('',(248.950011824491,-94.4212544847687,8.7));
#3718=CARTESIAN_POINT('',(248.950011824491,-83.9200039859861,5.72));
#3719=CARTESIAN_POINT('',(248.950011824491,-83.9200039859861,5.72));
#3720=CARTESIAN_POINT('',(248.950011824491,-71.4700033946428,5.72));
#3721=CARTESIAN_POINT('',(248.950011824491,-71.4700033946428,5.72));
#3722=CARTESIAN_POINT('',(248.950011824491,-71.4700033946428,5.72));
#3723=CARTESIAN_POINT('Origin',(231.900011014659,-77.6950036903145,12.47));
#3724=CARTESIAN_POINT('',(215.850010204827,-71.4700033946428,12.47));
#3725=CARTESIAN_POINT('',(214.850010204827,-71.4700033946428,12.47));
#3726=CARTESIAN_POINT('',(214.850010204827,-72.4700033946428,12.47));
#3727=CARTESIAN_POINT('Origin',(215.850010204827,-72.4700033946428,12.47));
#3728=CARTESIAN_POINT('',(214.850010204827,-82.9200039859861,12.47));
#3729=CARTESIAN_POINT('',(214.850010204827,-83.9200039859861,12.47));
#3730=CARTESIAN_POINT('',(215.850010204827,-83.9200039859861,12.47));
#3731=CARTESIAN_POINT('Origin',(215.850010204827,-82.9200039859861,12.47));
#3732=CARTESIAN_POINT('',(247.950011824491,-83.9200039859861,12.47));
#3733=CARTESIAN_POINT('',(248.950011824491,-83.9200039859861,12.47));
#3734=CARTESIAN_POINT('Origin',(247.950011824491,-82.9200039859861,12.47));
#3735=CARTESIAN_POINT('Origin',(247.950011824491,-82.9200039859861,5.72));
#3736=CARTESIAN_POINT('',(247.950011824491,-83.9200039859861,8.7));
#3737=CARTESIAN_POINT('',(247.950011824491,-83.9200039859861,5.72));
#3738=CARTESIAN_POINT('Origin',(247.950011824491,-82.9200039859861,8.7));
#3739=CARTESIAN_POINT('Origin',(214.850010204827,-83.9200039859861,5.72));
#3740=CARTESIAN_POINT('',(215.850010204827,-83.9200039859861,8.7));
#3741=CARTESIAN_POINT('',(215.850010204827,-83.9200039859861,5.72));
#3742=CARTESIAN_POINT('',(216.962510305166,-83.9200039859861,8.7));
#3743=CARTESIAN_POINT('Origin',(215.850010204827,-72.4700033946428,5.72));
#3744=CARTESIAN_POINT('',(215.850010204827,-71.4700033946428,8.7));
#3745=CARTESIAN_POINT('',(215.850010204827,-71.4700033946428,5.72));
#3746=CARTESIAN_POINT('',(214.850010204827,-72.4700033946428,8.7));
#3747=CARTESIAN_POINT('Origin',(215.850010204827,-72.4700033946428,8.7));
#3748=CARTESIAN_POINT('',(214.850010204827,-72.4700033946428,5.72));
#3749=CARTESIAN_POINT('Origin',(214.850010204827,-71.4700033946428,5.72));
#3750=CARTESIAN_POINT('',(214.850010204827,-82.9200039859861,8.7));
#3751=CARTESIAN_POINT('',(214.850010204827,-88.1962541890971,8.7));
#3752=CARTESIAN_POINT('',(214.850010204827,-82.9200039859861,5.72));
#3753=CARTESIAN_POINT('Origin',(215.850010204827,-82.9200039859861,5.72));
#3754=CARTESIAN_POINT('Origin',(215.850010204827,-82.9200039859861,8.7));
#3755=CARTESIAN_POINT('Origin',(214.850010204827,-83.9200039859861,5.7));
#3756=CARTESIAN_POINT('',(214.850010204827,-83.9200039859861,5.72));
#3757=CARTESIAN_POINT('',(214.850010204827,-71.4700033946428,5.72));
#3758=CARTESIAN_POINT('',(214.850010204827,-83.9200039859861,5.72));
#3759=CARTESIAN_POINT('',(214.850010204827,-83.9200039859861,5.7));
#3760=CARTESIAN_POINT('',(214.850010204827,-83.9200039859861,5.7));
#3761=CARTESIAN_POINT('',(214.850010204827,-71.4700033946428,5.7));
#3762=CARTESIAN_POINT('',(214.850010204827,-83.9200039859861,5.7));
#3763=CARTESIAN_POINT('',(214.850010204827,-71.4700033946428,5.7));
#3764=CARTESIAN_POINT('Origin',(263.870012723142,-57.5700025444385,7.7));
#3765=CARTESIAN_POINT('',(263.870012723142,-53.5700025444385,7.7));
#3766=CARTESIAN_POINT('',(263.870012723142,-54.5700025444385,8.7));
#3767=CARTESIAN_POINT('Origin',(263.870012723142,-54.5700025444385,7.7));
#3768=CARTESIAN_POINT('',(266.870012723142,-57.5700025444385,8.7));
#3769=CARTESIAN_POINT('Origin',(263.870012723142,-57.5700025444385,8.7));
#3770=CARTESIAN_POINT('',(267.870012723142,-57.5700025444385,7.7));
#3771=CARTESIAN_POINT('Origin',(266.870012723142,-57.5700025444385,7.7));
#3772=CARTESIAN_POINT('Origin',(263.870012723142,-57.5700025444385,7.7));
#3773=CARTESIAN_POINT('Origin',(266.870012723142,-130.598756203108,7.7));
#3774=CARTESIAN_POINT('',(266.870012723142,-152.275007422664,8.7));
#3775=CARTESIAN_POINT('',(267.870012723142,-152.275007422664,7.7));
#3776=CARTESIAN_POINT('Origin',(266.870012723142,-152.275007422664,7.7));
#3777=CARTESIAN_POINT('',(267.870012723142,-130.598756203108,7.7));
#3778=CARTESIAN_POINT('',(266.870012723142,-130.598756203108,8.7));
#3779=CARTESIAN_POINT('Origin',(263.870012723142,-152.275007422664,7.7));
#3780=CARTESIAN_POINT('',(263.870012723142,-155.275007422664,8.7));
#3781=CARTESIAN_POINT('',(263.870012723142,-156.275007422664,7.7));
#3782=CARTESIAN_POINT('Origin',(263.870012723142,-155.275007422664,7.7));
#3783=CARTESIAN_POINT('Origin',(263.870012723142,-152.275007422664,7.7));
#3784=CARTESIAN_POINT('Origin',(263.870012723142,-152.275007422664,8.7));
#3785=CARTESIAN_POINT('Origin',(194.677509246685,-155.275007422664,7.7));
#3786=CARTESIAN_POINT('',(174.280008087866,-155.275007422664,8.7));
#3787=CARTESIAN_POINT('',(174.280008087866,-156.275007422664,7.7));
#3788=CARTESIAN_POINT('Origin',(174.280008087866,-155.275007422664,7.7));
#3789=CARTESIAN_POINT('',(194.677509246685,-156.275007422664,7.7));
#3790=CARTESIAN_POINT('',(194.677509246685,-155.275007422664,8.7));
#3791=CARTESIAN_POINT('Origin',(174.280008087866,-152.275007422664,7.7));
#3792=CARTESIAN_POINT('',(171.280008087866,-152.275007422664,8.7));
#3793=CARTESIAN_POINT('',(170.280008087866,-152.275007422664,7.7));
#3794=CARTESIAN_POINT('Origin',(171.280008087866,-152.275007422664,7.7));
#3795=CARTESIAN_POINT('Origin',(174.280008087866,-152.275007422664,7.7));
#3796=CARTESIAN_POINT('Origin',(174.280008087866,-152.275007422664,8.7));
#3797=CARTESIAN_POINT('Origin',(171.280008087866,-79.2462537639949,7.7));
#3798=CARTESIAN_POINT('',(171.280008087866,-57.5700025444385,8.7));
#3799=CARTESIAN_POINT('',(170.280008087866,-57.5700025444385,7.7));
#3800=CARTESIAN_POINT('Origin',(171.280008087866,-57.5700025444385,7.7));
#3801=CARTESIAN_POINT('',(170.280008087866,-79.2462537639949,7.7));
#3802=CARTESIAN_POINT('',(171.280008087866,-79.2462537639949,8.7));
#3803=CARTESIAN_POINT('Origin',(174.280008087866,-57.5700025444385,7.7));
#3804=CARTESIAN_POINT('',(174.280008087866,-54.5700025444385,8.7));
#3805=CARTESIAN_POINT('',(174.280008087866,-53.5700025444385,7.7));
#3806=CARTESIAN_POINT('Origin',(174.280008087866,-54.5700025444385,7.7));
#3807=CARTESIAN_POINT('Origin',(174.280008087866,-57.5700025444385,7.7));
#3808=CARTESIAN_POINT('Origin',(174.280008087866,-57.5700025444385,8.7));
#3809=CARTESIAN_POINT('Origin',(243.472511564323,-54.5700025444385,7.7));
#3810=CARTESIAN_POINT('',(243.472511564323,-54.5700025444385,8.7));
#3811=CARTESIAN_POINT('',(243.472511564323,-53.5700025444385,7.7));
#3812=CARTESIAN_POINT('Origin',(170.280008087866,-53.5700025444385,5.7));
#3813=CARTESIAN_POINT('',(170.280008087866,-57.5700025444385,5.7));
#3814=CARTESIAN_POINT('',(170.280008087866,-57.5700025444385,5.7));
#3815=CARTESIAN_POINT('',(170.280008087866,-152.275007422664,5.7));
#3816=CARTESIAN_POINT('',(170.280008087866,-156.275007422664,5.7));
#3817=CARTESIAN_POINT('',(170.280008087866,-152.275007422664,5.7));
#3818=CARTESIAN_POINT('Origin',(174.280008087866,-57.5700025444385,5.7));
#3819=CARTESIAN_POINT('',(174.280008087866,-53.5700025444385,5.7));
#3820=CARTESIAN_POINT('',(174.280008087866,-53.5700025444385,5.7));
#3821=CARTESIAN_POINT('Origin',(174.280008087866,-57.5700025444385,5.7));
#3822=CARTESIAN_POINT('Origin',(267.870012723142,-53.5700025444385,5.7));
#3823=CARTESIAN_POINT('',(263.870012723142,-53.5700025444385,5.7));
#3824=CARTESIAN_POINT('',(263.870012723142,-53.5700025444385,5.7));
#3825=CARTESIAN_POINT('',(170.280008087866,-53.5700025444385,5.7));
#3826=CARTESIAN_POINT('Origin',(263.870012723142,-57.5700025444385,5.7));
#3827=CARTESIAN_POINT('',(267.870012723142,-57.5700025444385,5.7));
#3828=CARTESIAN_POINT('',(267.870012723142,-57.5700025444385,5.7));
#3829=CARTESIAN_POINT('Origin',(263.870012723142,-57.5700025444385,5.7));
#3830=CARTESIAN_POINT('Origin',(219.075010405504,-104.922504983551,8.7));
#3831=CARTESIAN_POINT('',(240.645,-107.695,8.7));
#3832=CARTESIAN_POINT('',(241.145,-107.195,8.7));
#3833=CARTESIAN_POINT('Origin',(241.145,-107.695,8.7));
#3834=CARTESIAN_POINT('',(254.145,-107.195,8.7));
#3835=CARTESIAN_POINT('',(241.145,-107.195,8.7));
#3836=CARTESIAN_POINT('',(254.645,-107.695,8.7));
#3837=CARTESIAN_POINT('Origin',(254.145,-107.695,8.7));
#3838=CARTESIAN_POINT('',(254.645,-120.695,8.7));
#3839=CARTESIAN_POINT('',(254.645,-107.695,8.7));
#3840=CARTESIAN_POINT('',(254.145,-121.195,8.7));
#3841=CARTESIAN_POINT('Origin',(254.145,-120.695,8.7));
#3842=CARTESIAN_POINT('',(241.145,-121.195,8.7));
#3843=CARTESIAN_POINT('',(241.145,-121.195,8.7));
#3844=CARTESIAN_POINT('',(240.645,-120.695,8.7));
#3845=CARTESIAN_POINT('Origin',(241.145,-120.695,8.7));
#3846=CARTESIAN_POINT('',(240.645,-107.695,8.7));
#3847=CARTESIAN_POINT('',(221.595,-126.745,8.7));
#3848=CARTESIAN_POINT('',(222.095,-126.245,8.7));
#3849=CARTESIAN_POINT('Origin',(222.095,-126.745,8.7));
#3850=CARTESIAN_POINT('',(235.095,-126.245,8.7));
#3851=CARTESIAN_POINT('',(222.095,-126.245,8.7));
#3852=CARTESIAN_POINT('',(235.595,-126.745,8.7));
#3853=CARTESIAN_POINT('Origin',(235.095,-126.745,8.7));
#3854=CARTESIAN_POINT('',(235.595,-139.745,8.7));
#3855=CARTESIAN_POINT('',(235.595,-126.745,8.7));
#3856=CARTESIAN_POINT('',(235.095,-140.245,8.7));
#3857=CARTESIAN_POINT('Origin',(235.095,-139.745,8.7));
#3858=CARTESIAN_POINT('',(222.095,-140.245,8.7));
#3859=CARTESIAN_POINT('',(222.095,-140.245,8.7));
#3860=CARTESIAN_POINT('',(221.595,-139.745,8.7));
#3861=CARTESIAN_POINT('Origin',(222.095,-139.745,8.7));
#3862=CARTESIAN_POINT('',(221.595,-126.745,8.7));
#3863=CARTESIAN_POINT('',(240.645,-88.645,8.7));
#3864=CARTESIAN_POINT('',(241.145,-88.145,8.7));
#3865=CARTESIAN_POINT('Origin',(241.145,-88.645,8.7));
#3866=CARTESIAN_POINT('',(254.145,-88.145,8.7));
#3867=CARTESIAN_POINT('',(241.145,-88.145,8.7));
#3868=CARTESIAN_POINT('',(254.645,-88.645,8.7));
#3869=CARTESIAN_POINT('Origin',(254.145,-88.645,8.7));
#3870=CARTESIAN_POINT('',(254.645,-101.645,8.7));
#3871=CARTESIAN_POINT('',(254.645,-88.645,8.7));
#3872=CARTESIAN_POINT('',(254.145,-102.145,8.7));
#3873=CARTESIAN_POINT('Origin',(254.145,-101.645,8.7));
#3874=CARTESIAN_POINT('',(241.145,-102.145,8.7));
#3875=CARTESIAN_POINT('',(241.145,-102.145,8.7));
#3876=CARTESIAN_POINT('',(240.645,-101.645,8.7));
#3877=CARTESIAN_POINT('Origin',(241.145,-101.645,8.7));
#3878=CARTESIAN_POINT('',(240.645,-88.645,8.7));
#3879=CARTESIAN_POINT('',(202.545,-107.695,8.7));
#3880=CARTESIAN_POINT('',(203.045,-107.195,8.7));
#3881=CARTESIAN_POINT('Origin',(203.045,-107.695,8.7));
#3882=CARTESIAN_POINT('',(216.045,-107.195,8.7));
#3883=CARTESIAN_POINT('',(203.045,-107.195,8.7));
#3884=CARTESIAN_POINT('',(216.545,-107.695,8.7));
#3885=CARTESIAN_POINT('Origin',(216.045,-107.695,8.7));
#3886=CARTESIAN_POINT('',(216.545,-120.695,8.7));
#3887=CARTESIAN_POINT('',(216.545,-107.695,8.7));
#3888=CARTESIAN_POINT('',(216.045,-121.195,8.7));
#3889=CARTESIAN_POINT('Origin',(216.045,-120.695,8.7));
#3890=CARTESIAN_POINT('',(203.045,-121.195,8.7));
#3891=CARTESIAN_POINT('',(203.045,-121.195,8.7));
#3892=CARTESIAN_POINT('',(202.545,-120.695,8.7));
#3893=CARTESIAN_POINT('Origin',(203.045,-120.695,8.7));
#3894=CARTESIAN_POINT('',(202.545,-107.695,8.7));
#3895=CARTESIAN_POINT('',(183.495,-88.645,8.7));
#3896=CARTESIAN_POINT('',(183.995,-88.145,8.7));
#3897=CARTESIAN_POINT('Origin',(183.995,-88.645,8.7));
#3898=CARTESIAN_POINT('',(196.995,-88.145,8.7));
#3899=CARTESIAN_POINT('',(183.995,-88.145,8.7));
#3900=CARTESIAN_POINT('',(197.495,-88.645,8.7));
#3901=CARTESIAN_POINT('Origin',(196.995,-88.645,8.7));
#3902=CARTESIAN_POINT('',(197.495,-101.645,8.7));
#3903=CARTESIAN_POINT('',(197.495,-88.645,8.7));
#3904=CARTESIAN_POINT('',(196.995,-102.145,8.7));
#3905=CARTESIAN_POINT('Origin',(196.995,-101.645,8.7));
#3906=CARTESIAN_POINT('',(183.995,-102.145,8.7));
#3907=CARTESIAN_POINT('',(183.995,-102.145,8.7));
#3908=CARTESIAN_POINT('',(183.495,-101.645,8.7));
#3909=CARTESIAN_POINT('Origin',(183.995,-101.645,8.7));
#3910=CARTESIAN_POINT('',(183.495,-88.645,8.7));
#3911=CARTESIAN_POINT('',(202.545,-88.645,8.7));
#3912=CARTESIAN_POINT('',(203.045,-88.145,8.7));
#3913=CARTESIAN_POINT('Origin',(203.045,-88.645,8.7));
#3914=CARTESIAN_POINT('',(216.045,-88.145,8.7));
#3915=CARTESIAN_POINT('',(203.045,-88.145,8.7));
#3916=CARTESIAN_POINT('',(216.545,-88.645,8.7));
#3917=CARTESIAN_POINT('Origin',(216.045,-88.645,8.7));
#3918=CARTESIAN_POINT('',(216.545,-101.645,8.7));
#3919=CARTESIAN_POINT('',(216.545,-88.645,8.7));
#3920=CARTESIAN_POINT('',(216.045,-102.145,8.7));
#3921=CARTESIAN_POINT('Origin',(216.045,-101.645,8.7));
#3922=CARTESIAN_POINT('',(203.045,-102.145,8.7));
#3923=CARTESIAN_POINT('',(203.045,-102.145,8.7));
#3924=CARTESIAN_POINT('',(202.545,-101.645,8.7));
#3925=CARTESIAN_POINT('Origin',(203.045,-101.645,8.7));
#3926=CARTESIAN_POINT('',(202.545,-88.645,8.7));
#3927=CARTESIAN_POINT('',(240.645,-126.745,8.7));
#3928=CARTESIAN_POINT('',(241.145,-126.245,8.7));
#3929=CARTESIAN_POINT('Origin',(241.145,-126.745,8.7));
#3930=CARTESIAN_POINT('',(254.145,-126.245,8.7));
#3931=CARTESIAN_POINT('',(241.145,-126.245,8.7));
#3932=CARTESIAN_POINT('',(254.645,-126.745,8.7));
#3933=CARTESIAN_POINT('Origin',(254.145,-126.745,8.7));
#3934=CARTESIAN_POINT('',(254.645,-139.745,8.7));
#3935=CARTESIAN_POINT('',(254.645,-126.745,8.7));
#3936=CARTESIAN_POINT('',(254.145,-140.245,8.7));
#3937=CARTESIAN_POINT('Origin',(254.145,-139.745,8.7));
#3938=CARTESIAN_POINT('',(241.145,-140.245,8.7));
#3939=CARTESIAN_POINT('',(241.145,-140.245,8.7));
#3940=CARTESIAN_POINT('',(240.645,-139.745,8.7));
#3941=CARTESIAN_POINT('Origin',(241.145,-139.745,8.7));
#3942=CARTESIAN_POINT('',(240.645,-126.745,8.7));
#3943=CARTESIAN_POINT('',(261.170012485655,-151.275007185177,8.7));
#3944=CARTESIAN_POINT('Origin',(262.870012485655,-151.275007185177,8.7));
#3945=CARTESIAN_POINT('',(261.170012485655,-58.5700027819257,8.7));
#3946=CARTESIAN_POINT('Origin',(262.870012485655,-58.5700027819257,8.7));
#3947=CARTESIAN_POINT('',(253.300012031104,-83.9200039859861,8.7));
#3948=CARTESIAN_POINT('',(253.300012031104,-83.9200039859861,8.7));
#3949=CARTESIAN_POINT('',(234.012511114997,-71.4700033946428,8.7));
#3950=CARTESIAN_POINT('',(253.300012031104,-71.4700033946428,8.7));
#3951=CARTESIAN_POINT('',(214.850010204827,-71.4700033946428,8.7));
#3952=CARTESIAN_POINT('',(253.300012031104,-71.4700033946428,8.7));
#3953=CARTESIAN_POINT('',(221.595,-88.645,8.7));
#3954=CARTESIAN_POINT('',(222.095,-88.145,8.7));
#3955=CARTESIAN_POINT('Origin',(222.095,-88.645,8.7));
#3956=CARTESIAN_POINT('',(235.095,-88.145,8.7));
#3957=CARTESIAN_POINT('',(222.095,-88.145,8.7));
#3958=CARTESIAN_POINT('',(235.595,-88.645,8.7));
#3959=CARTESIAN_POINT('Origin',(235.095,-88.645,8.7));
#3960=CARTESIAN_POINT('',(235.595,-101.645,8.7));
#3961=CARTESIAN_POINT('',(235.595,-88.645,8.7));
#3962=CARTESIAN_POINT('',(235.095,-102.145,8.7));
#3963=CARTESIAN_POINT('Origin',(235.095,-101.645,8.7));
#3964=CARTESIAN_POINT('',(222.095,-102.145,8.7));
#3965=CARTESIAN_POINT('',(222.095,-102.145,8.7));
#3966=CARTESIAN_POINT('',(221.595,-101.645,8.7));
#3967=CARTESIAN_POINT('Origin',(222.095,-101.645,8.7));
#3968=CARTESIAN_POINT('',(221.595,-88.645,8.7));
#3969=CARTESIAN_POINT('',(183.495,-107.695,8.7));
#3970=CARTESIAN_POINT('',(183.995,-107.195,8.7));
#3971=CARTESIAN_POINT('Origin',(183.995,-107.695,8.7));
#3972=CARTESIAN_POINT('',(196.995,-107.195,8.7));
#3973=CARTESIAN_POINT('',(183.995,-107.195,8.7));
#3974=CARTESIAN_POINT('',(197.495,-107.695,8.7));
#3975=CARTESIAN_POINT('Origin',(196.995,-107.695,8.7));
#3976=CARTESIAN_POINT('',(197.495,-120.695,8.7));
#3977=CARTESIAN_POINT('',(197.495,-107.695,8.7));
#3978=CARTESIAN_POINT('',(196.995,-121.195,8.7));
#3979=CARTESIAN_POINT('Origin',(196.995,-120.695,8.7));
#3980=CARTESIAN_POINT('',(183.995,-121.195,8.7));
#3981=CARTESIAN_POINT('',(183.995,-121.195,8.7));
#3982=CARTESIAN_POINT('',(183.495,-120.695,8.7));
#3983=CARTESIAN_POINT('Origin',(183.995,-120.695,8.7));
#3984=CARTESIAN_POINT('',(183.495,-107.695,8.7));
#3985=CARTESIAN_POINT('',(183.495,-126.745,8.7));
#3986=CARTESIAN_POINT('',(183.995,-126.245,8.7));
#3987=CARTESIAN_POINT('Origin',(183.995,-126.745,8.7));
#3988=CARTESIAN_POINT('',(196.995,-126.245,8.7));
#3989=CARTESIAN_POINT('',(183.995,-126.245,8.7));
#3990=CARTESIAN_POINT('',(197.495,-126.745,8.7));
#3991=CARTESIAN_POINT('Origin',(196.995,-126.745,8.7));
#3992=CARTESIAN_POINT('',(197.495,-139.745,8.7));
#3993=CARTESIAN_POINT('',(197.495,-126.745,8.7));
#3994=CARTESIAN_POINT('',(196.995,-140.245,8.7));
#3995=CARTESIAN_POINT('Origin',(196.995,-139.745,8.7));
#3996=CARTESIAN_POINT('',(183.995,-140.245,8.7));
#3997=CARTESIAN_POINT('',(183.995,-140.245,8.7));
#3998=CARTESIAN_POINT('',(183.495,-139.745,8.7));
#3999=CARTESIAN_POINT('Origin',(183.995,-139.745,8.7));
#4000=CARTESIAN_POINT('',(183.495,-126.745,8.7));
#4001=CARTESIAN_POINT('',(173.580008325353,-151.275007185177,8.7));
#4002=CARTESIAN_POINT('Origin',(175.280008325353,-151.275007185177,8.7));
#4003=CARTESIAN_POINT('',(202.545,-126.745,8.7));
#4004=CARTESIAN_POINT('',(203.045,-126.245,8.7));
#4005=CARTESIAN_POINT('Origin',(203.045,-126.745,8.7));
#4006=CARTESIAN_POINT('',(216.045,-126.245,8.7));
#4007=CARTESIAN_POINT('',(203.045,-126.245,8.7));
#4008=CARTESIAN_POINT('',(216.545,-126.745,8.7));
#4009=CARTESIAN_POINT('Origin',(216.045,-126.745,8.7));
#4010=CARTESIAN_POINT('',(216.545,-139.745,8.7));
#4011=CARTESIAN_POINT('',(216.545,-126.745,8.7));
#4012=CARTESIAN_POINT('',(216.045,-140.245,8.7));
#4013=CARTESIAN_POINT('Origin',(216.045,-139.745,8.7));
#4014=CARTESIAN_POINT('',(203.045,-140.245,8.7));
#4015=CARTESIAN_POINT('',(203.045,-140.245,8.7));
#4016=CARTESIAN_POINT('',(202.545,-139.745,8.7));
#4017=CARTESIAN_POINT('Origin',(203.045,-139.745,8.7));
#4018=CARTESIAN_POINT('',(202.545,-126.745,8.7));
#4019=CARTESIAN_POINT('',(221.595,-107.695,8.7));
#4020=CARTESIAN_POINT('',(222.095,-107.195,8.7));
#4021=CARTESIAN_POINT('Origin',(222.095,-107.695,8.7));
#4022=CARTESIAN_POINT('',(235.095,-107.195,8.7));
#4023=CARTESIAN_POINT('',(222.095,-107.195,8.7));
#4024=CARTESIAN_POINT('',(235.595,-107.695,8.7));
#4025=CARTESIAN_POINT('Origin',(235.095,-107.695,8.7));
#4026=CARTESIAN_POINT('',(235.595,-120.695,8.7));
#4027=CARTESIAN_POINT('',(235.595,-107.695,8.7));
#4028=CARTESIAN_POINT('',(235.095,-121.195,8.7));
#4029=CARTESIAN_POINT('Origin',(235.095,-120.695,8.7));
#4030=CARTESIAN_POINT('',(222.095,-121.195,8.7));
#4031=CARTESIAN_POINT('',(222.095,-121.195,8.7));
#4032=CARTESIAN_POINT('',(221.595,-120.695,8.7));
#4033=CARTESIAN_POINT('Origin',(222.095,-120.695,8.7));
#4034=CARTESIAN_POINT('',(221.595,-107.695,8.7));
#4035=CARTESIAN_POINT('',(173.580008325353,-58.5700027819257,8.7));
#4036=CARTESIAN_POINT('Origin',(175.280008325353,-58.5700027819257,8.7));
#4037=CARTESIAN_POINT('Origin',(219.075010405504,-104.922504983551,5.7));
#4038=CARTESIAN_POINT('',(267.870012723142,-152.275007422664,5.7));
#4039=CARTESIAN_POINT('',(267.870012723142,-53.5700025444385,5.7));
#4040=CARTESIAN_POINT('',(263.870012723142,-156.275007422664,5.7));
#4041=CARTESIAN_POINT('Origin',(263.870012723142,-152.275007422664,5.7));
#4042=CARTESIAN_POINT('',(174.280008087866,-156.275007422664,5.7));
#4043=CARTESIAN_POINT('',(267.870012723142,-156.275007422664,5.7));
#4044=CARTESIAN_POINT('Origin',(174.280008087866,-152.275007422664,5.7));
#4045=CARTESIAN_POINT('',(173.580008325353,-58.5700027819257,5.7));
#4046=CARTESIAN_POINT('Origin',(175.280008325353,-58.5700027819257,5.7));
#4047=CARTESIAN_POINT('',(221.595,-107.695,5.7));
#4048=CARTESIAN_POINT('',(222.095,-107.195,5.7));
#4049=CARTESIAN_POINT('Origin',(222.095,-107.695,5.7));
#4050=CARTESIAN_POINT('',(221.595,-120.695,5.7));
#4051=CARTESIAN_POINT('',(221.595,-107.695,5.7));
#4052=CARTESIAN_POINT('',(222.095,-121.195,5.7));
#4053=CARTESIAN_POINT('Origin',(222.095,-120.695,5.7));
#4054=CARTESIAN_POINT('',(235.095,-121.195,5.7));
#4055=CARTESIAN_POINT('',(222.095,-121.195,5.7));
#4056=CARTESIAN_POINT('',(235.595,-120.695,5.7));
#4057=CARTESIAN_POINT('Origin',(235.095,-120.695,5.7));
#4058=CARTESIAN_POINT('',(235.595,-107.695,5.7));
#4059=CARTESIAN_POINT('',(235.595,-107.695,5.7));
#4060=CARTESIAN_POINT('',(235.095,-107.195,5.7));
#4061=CARTESIAN_POINT('Origin',(235.095,-107.695,5.7));
#4062=CARTESIAN_POINT('',(222.095,-107.195,5.7));
#4063=CARTESIAN_POINT('',(202.545,-126.745,5.7));
#4064=CARTESIAN_POINT('',(203.045,-126.245,5.7));
#4065=CARTESIAN_POINT('Origin',(203.045,-126.745,5.7));
#4066=CARTESIAN_POINT('',(202.545,-139.745,5.7));
#4067=CARTESIAN_POINT('',(202.545,-126.745,5.7));
#4068=CARTESIAN_POINT('',(203.045,-140.245,5.7));
#4069=CARTESIAN_POINT('Origin',(203.045,-139.745,5.7));
#4070=CARTESIAN_POINT('',(216.045,-140.245,5.7));
#4071=CARTESIAN_POINT('',(203.045,-140.245,5.7));
#4072=CARTESIAN_POINT('',(216.545,-139.745,5.7));
#4073=CARTESIAN_POINT('Origin',(216.045,-139.745,5.7));
#4074=CARTESIAN_POINT('',(216.545,-126.745,5.7));
#4075=CARTESIAN_POINT('',(216.545,-126.745,5.7));
#4076=CARTESIAN_POINT('',(216.045,-126.245,5.7));
#4077=CARTESIAN_POINT('Origin',(216.045,-126.745,5.7));
#4078=CARTESIAN_POINT('',(203.045,-126.245,5.7));
#4079=CARTESIAN_POINT('',(173.580008325353,-151.275007185177,5.7));
#4080=CARTESIAN_POINT('Origin',(175.280008325353,-151.275007185177,5.7));
#4081=CARTESIAN_POINT('',(183.495,-126.745,5.7));
#4082=CARTESIAN_POINT('',(183.995,-126.245,5.7));
#4083=CARTESIAN_POINT('Origin',(183.995,-126.745,5.7));
#4084=CARTESIAN_POINT('',(183.495,-139.745,5.7));
#4085=CARTESIAN_POINT('',(183.495,-126.745,5.7));
#4086=CARTESIAN_POINT('',(183.995,-140.245,5.7));
#4087=CARTESIAN_POINT('Origin',(183.995,-139.745,5.7));
#4088=CARTESIAN_POINT('',(196.995,-140.245,5.7));
#4089=CARTESIAN_POINT('',(183.995,-140.245,5.7));
#4090=CARTESIAN_POINT('',(197.495,-139.745,5.7));
#4091=CARTESIAN_POINT('Origin',(196.995,-139.745,5.7));
#4092=CARTESIAN_POINT('',(197.495,-126.745,5.7));
#4093=CARTESIAN_POINT('',(197.495,-126.745,5.7));
#4094=CARTESIAN_POINT('',(196.995,-126.245,5.7));
#4095=CARTESIAN_POINT('Origin',(196.995,-126.745,5.7));
#4096=CARTESIAN_POINT('',(183.995,-126.245,5.7));
#4097=CARTESIAN_POINT('',(183.495,-107.695,5.7));
#4098=CARTESIAN_POINT('',(183.995,-107.195,5.7));
#4099=CARTESIAN_POINT('Origin',(183.995,-107.695,5.7));
#4100=CARTESIAN_POINT('',(183.495,-120.695,5.7));
#4101=CARTESIAN_POINT('',(183.495,-107.695,5.7));
#4102=CARTESIAN_POINT('',(183.995,-121.195,5.7));
#4103=CARTESIAN_POINT('Origin',(183.995,-120.695,5.7));
#4104=CARTESIAN_POINT('',(196.995,-121.195,5.7));
#4105=CARTESIAN_POINT('',(183.995,-121.195,5.7));
#4106=CARTESIAN_POINT('',(197.495,-120.695,5.7));
#4107=CARTESIAN_POINT('Origin',(196.995,-120.695,5.7));
#4108=CARTESIAN_POINT('',(197.495,-107.695,5.7));
#4109=CARTESIAN_POINT('',(197.495,-107.695,5.7));
#4110=CARTESIAN_POINT('',(196.995,-107.195,5.7));
#4111=CARTESIAN_POINT('Origin',(196.995,-107.695,5.7));
#4112=CARTESIAN_POINT('',(183.995,-107.195,5.7));
#4113=CARTESIAN_POINT('',(221.595,-88.645,5.7));
#4114=CARTESIAN_POINT('',(222.095,-88.145,5.7));
#4115=CARTESIAN_POINT('Origin',(222.095,-88.645,5.7));
#4116=CARTESIAN_POINT('',(221.595,-101.645,5.7));
#4117=CARTESIAN_POINT('',(221.595,-88.645,5.7));
#4118=CARTESIAN_POINT('',(222.095,-102.145,5.7));
#4119=CARTESIAN_POINT('Origin',(222.095,-101.645,5.7));
#4120=CARTESIAN_POINT('',(235.095,-102.145,5.7));
#4121=CARTESIAN_POINT('',(222.095,-102.145,5.7));
#4122=CARTESIAN_POINT('',(235.595,-101.645,5.7));
#4123=CARTESIAN_POINT('Origin',(235.095,-101.645,5.7));
#4124=CARTESIAN_POINT('',(235.595,-88.645,5.7));
#4125=CARTESIAN_POINT('',(235.595,-88.645,5.7));
#4126=CARTESIAN_POINT('',(235.095,-88.145,5.7));
#4127=CARTESIAN_POINT('Origin',(235.095,-88.645,5.7));
#4128=CARTESIAN_POINT('',(222.095,-88.145,5.7));
#4129=CARTESIAN_POINT('',(253.300012031104,-83.9200039859861,5.7));
#4130=CARTESIAN_POINT('',(253.300012031104,-83.9200039859861,5.7));
#4131=CARTESIAN_POINT('',(253.300012031104,-71.4700033946428,5.7));
#4132=CARTESIAN_POINT('',(253.300012031104,-71.4700033946428,5.7));
#4133=CARTESIAN_POINT('',(214.850010204827,-71.4700033946428,5.7));
#4134=CARTESIAN_POINT('',(261.170012485655,-58.5700027819257,5.7));
#4135=CARTESIAN_POINT('Origin',(262.870012485655,-58.5700027819257,5.7));
#4136=CARTESIAN_POINT('',(261.170012485655,-151.275007185177,5.7));
#4137=CARTESIAN_POINT('Origin',(262.870012485655,-151.275007185177,5.7));
#4138=CARTESIAN_POINT('',(240.645,-126.745,5.7));
#4139=CARTESIAN_POINT('',(241.145,-126.245,5.7));
#4140=CARTESIAN_POINT('Origin',(241.145,-126.745,5.7));
#4141=CARTESIAN_POINT('',(240.645,-139.745,5.7));
#4142=CARTESIAN_POINT('',(240.645,-126.745,5.7));
#4143=CARTESIAN_POINT('',(241.145,-140.245,5.7));
#4144=CARTESIAN_POINT('Origin',(241.145,-139.745,5.7));
#4145=CARTESIAN_POINT('',(254.145,-140.245,5.7));
#4146=CARTESIAN_POINT('',(241.145,-140.245,5.7));
#4147=CARTESIAN_POINT('',(254.645,-139.745,5.7));
#4148=CARTESIAN_POINT('Origin',(254.145,-139.745,5.7));
#4149=CARTESIAN_POINT('',(254.645,-126.745,5.7));
#4150=CARTESIAN_POINT('',(254.645,-126.745,5.7));
#4151=CARTESIAN_POINT('',(254.145,-126.245,5.7));
#4152=CARTESIAN_POINT('Origin',(254.145,-126.745,5.7));
#4153=CARTESIAN_POINT('',(241.145,-126.245,5.7));
#4154=CARTESIAN_POINT('',(202.545,-88.645,5.7));
#4155=CARTESIAN_POINT('',(203.045,-88.145,5.7));
#4156=CARTESIAN_POINT('Origin',(203.045,-88.645,5.7));
#4157=CARTESIAN_POINT('',(202.545,-101.645,5.7));
#4158=CARTESIAN_POINT('',(202.545,-88.645,5.7));
#4159=CARTESIAN_POINT('',(203.045,-102.145,5.7));
#4160=CARTESIAN_POINT('Origin',(203.045,-101.645,5.7));
#4161=CARTESIAN_POINT('',(216.045,-102.145,5.7));
#4162=CARTESIAN_POINT('',(203.045,-102.145,5.7));
#4163=CARTESIAN_POINT('',(216.545,-101.645,5.7));
#4164=CARTESIAN_POINT('Origin',(216.045,-101.645,5.7));
#4165=CARTESIAN_POINT('',(216.545,-88.645,5.7));
#4166=CARTESIAN_POINT('',(216.545,-88.645,5.7));
#4167=CARTESIAN_POINT('',(216.045,-88.145,5.7));
#4168=CARTESIAN_POINT('Origin',(216.045,-88.645,5.7));
#4169=CARTESIAN_POINT('',(203.045,-88.145,5.7));
#4170=CARTESIAN_POINT('',(183.495,-88.645,5.7));
#4171=CARTESIAN_POINT('',(183.995,-88.145,5.7));
#4172=CARTESIAN_POINT('Origin',(183.995,-88.645,5.7));
#4173=CARTESIAN_POINT('',(183.495,-101.645,5.7));
#4174=CARTESIAN_POINT('',(183.495,-88.645,5.7));
#4175=CARTESIAN_POINT('',(183.995,-102.145,5.7));
#4176=CARTESIAN_POINT('Origin',(183.995,-101.645,5.7));
#4177=CARTESIAN_POINT('',(196.995,-102.145,5.7));
#4178=CARTESIAN_POINT('',(183.995,-102.145,5.7));
#4179=CARTESIAN_POINT('',(197.495,-101.645,5.7));
#4180=CARTESIAN_POINT('Origin',(196.995,-101.645,5.7));
#4181=CARTESIAN_POINT('',(197.495,-88.645,5.7));
#4182=CARTESIAN_POINT('',(197.495,-88.645,5.7));
#4183=CARTESIAN_POINT('',(196.995,-88.145,5.7));
#4184=CARTESIAN_POINT('Origin',(196.995,-88.645,5.7));
#4185=CARTESIAN_POINT('',(183.995,-88.145,5.7));
#4186=CARTESIAN_POINT('',(202.545,-107.695,5.7));
#4187=CARTESIAN_POINT('',(203.045,-107.195,5.7));
#4188=CARTESIAN_POINT('Origin',(203.045,-107.695,5.7));
#4189=CARTESIAN_POINT('',(202.545,-120.695,5.7));
#4190=CARTESIAN_POINT('',(202.545,-107.695,5.7));
#4191=CARTESIAN_POINT('',(203.045,-121.195,5.7));
#4192=CARTESIAN_POINT('Origin',(203.045,-120.695,5.7));
#4193=CARTESIAN_POINT('',(216.045,-121.195,5.7));
#4194=CARTESIAN_POINT('',(203.045,-121.195,5.7));
#4195=CARTESIAN_POINT('',(216.545,-120.695,5.7));
#4196=CARTESIAN_POINT('Origin',(216.045,-120.695,5.7));
#4197=CARTESIAN_POINT('',(216.545,-107.695,5.7));
#4198=CARTESIAN_POINT('',(216.545,-107.695,5.7));
#4199=CARTESIAN_POINT('',(216.045,-107.195,5.7));
#4200=CARTESIAN_POINT('Origin',(216.045,-107.695,5.7));
#4201=CARTESIAN_POINT('',(203.045,-107.195,5.7));
#4202=CARTESIAN_POINT('',(240.645,-88.645,5.7));
#4203=CARTESIAN_POINT('',(241.145,-88.145,5.7));
#4204=CARTESIAN_POINT('Origin',(241.145,-88.645,5.7));
#4205=CARTESIAN_POINT('',(240.645,-101.645,5.7));
#4206=CARTESIAN_POINT('',(240.645,-88.645,5.7));
#4207=CARTESIAN_POINT('',(241.145,-102.145,5.7));
#4208=CARTESIAN_POINT('Origin',(241.145,-101.645,5.7));
#4209=CARTESIAN_POINT('',(254.145,-102.145,5.7));
#4210=CARTESIAN_POINT('',(241.145,-102.145,5.7));
#4211=CARTESIAN_POINT('',(254.645,-101.645,5.7));
#4212=CARTESIAN_POINT('Origin',(254.145,-101.645,5.7));
#4213=CARTESIAN_POINT('',(254.645,-88.645,5.7));
#4214=CARTESIAN_POINT('',(254.645,-88.645,5.7));
#4215=CARTESIAN_POINT('',(254.145,-88.145,5.7));
#4216=CARTESIAN_POINT('Origin',(254.145,-88.645,5.7));
#4217=CARTESIAN_POINT('',(241.145,-88.145,5.7));
#4218=CARTESIAN_POINT('',(221.595,-126.745,5.7));
#4219=CARTESIAN_POINT('',(222.095,-126.245,5.7));
#4220=CARTESIAN_POINT('Origin',(222.095,-126.745,5.7));
#4221=CARTESIAN_POINT('',(221.595,-139.745,5.7));
#4222=CARTESIAN_POINT('',(221.595,-126.745,5.7));
#4223=CARTESIAN_POINT('',(222.095,-140.245,5.7));
#4224=CARTESIAN_POINT('Origin',(222.095,-139.745,5.7));
#4225=CARTESIAN_POINT('',(235.095,-140.245,5.7));
#4226=CARTESIAN_POINT('',(222.095,-140.245,5.7));
#4227=CARTESIAN_POINT('',(235.595,-139.745,5.7));
#4228=CARTESIAN_POINT('Origin',(235.095,-139.745,5.7));
#4229=CARTESIAN_POINT('',(235.595,-126.745,5.7));
#4230=CARTESIAN_POINT('',(235.595,-126.745,5.7));
#4231=CARTESIAN_POINT('',(235.095,-126.245,5.7));
#4232=CARTESIAN_POINT('Origin',(235.095,-126.745,5.7));
#4233=CARTESIAN_POINT('',(222.095,-126.245,5.7));
#4234=CARTESIAN_POINT('',(240.645,-107.695,5.7));
#4235=CARTESIAN_POINT('',(241.145,-107.195,5.7));
#4236=CARTESIAN_POINT('Origin',(241.145,-107.695,5.7));
#4237=CARTESIAN_POINT('',(240.645,-120.695,5.7));
#4238=CARTESIAN_POINT('',(240.645,-107.695,5.7));
#4239=CARTESIAN_POINT('',(241.145,-121.195,5.7));
#4240=CARTESIAN_POINT('Origin',(241.145,-120.695,5.7));
#4241=CARTESIAN_POINT('',(254.145,-121.195,5.7));
#4242=CARTESIAN_POINT('',(241.145,-121.195,5.7));
#4243=CARTESIAN_POINT('',(254.645,-120.695,5.7));
#4244=CARTESIAN_POINT('Origin',(254.145,-120.695,5.7));
#4245=CARTESIAN_POINT('',(254.645,-107.695,5.7));
#4246=CARTESIAN_POINT('',(254.645,-107.695,5.7));
#4247=CARTESIAN_POINT('',(254.145,-107.195,5.7));
#4248=CARTESIAN_POINT('Origin',(254.145,-107.695,5.7));
#4249=CARTESIAN_POINT('',(241.145,-107.195,5.7));
#4250=CARTESIAN_POINT('Origin',(174.280008087866,-152.275007422664,5.7));
#4251=CARTESIAN_POINT('',(174.280008087866,-156.275007422664,5.7));
#4252=CARTESIAN_POINT('Origin',(170.280008087866,-156.275007422664,5.7));
#4253=CARTESIAN_POINT('',(263.870012723142,-156.275007422664,5.7));
#4254=CARTESIAN_POINT('Origin',(263.870012723142,-152.275007422664,5.7));
#4255=CARTESIAN_POINT('',(267.870012723142,-152.275007422664,5.7));
#4256=CARTESIAN_POINT('Origin',(240.645,-120.695,5.7));
#4257=CARTESIAN_POINT('',(240.645,-107.695,5.7));
#4258=CARTESIAN_POINT('',(240.645,-120.695,5.7));
#4259=CARTESIAN_POINT('Origin',(241.145,-120.695,5.7));
#4260=CARTESIAN_POINT('',(241.145,-121.195,5.7));
#4261=CARTESIAN_POINT('Origin',(254.145,-121.195,5.7));
#4262=CARTESIAN_POINT('',(254.145,-121.195,5.7));
#4263=CARTESIAN_POINT('Origin',(254.145,-120.695,5.7));
#4264=CARTESIAN_POINT('',(254.645,-120.695,5.7));
#4265=CARTESIAN_POINT('Origin',(254.645,-107.695,5.7));
#4266=CARTESIAN_POINT('',(254.645,-107.695,5.7));
#4267=CARTESIAN_POINT('Origin',(254.145,-107.695,5.7));
#4268=CARTESIAN_POINT('',(254.145,-107.195,5.7));
#4269=CARTESIAN_POINT('Origin',(241.145,-107.195,5.7));
#4270=CARTESIAN_POINT('',(241.145,-107.195,5.7));
#4271=CARTESIAN_POINT('Origin',(241.145,-107.695,5.7));
#4272=CARTESIAN_POINT('Origin',(221.595,-139.745,5.7));
#4273=CARTESIAN_POINT('',(221.595,-126.745,5.7));
#4274=CARTESIAN_POINT('',(221.595,-139.745,5.7));
#4275=CARTESIAN_POINT('Origin',(222.095,-139.745,5.7));
#4276=CARTESIAN_POINT('',(222.095,-140.245,5.7));
#4277=CARTESIAN_POINT('Origin',(235.095,-140.245,5.7));
#4278=CARTESIAN_POINT('',(235.095,-140.245,5.7));
#4279=CARTESIAN_POINT('Origin',(235.095,-139.745,5.7));
#4280=CARTESIAN_POINT('',(235.595,-139.745,5.7));
#4281=CARTESIAN_POINT('Origin',(235.595,-126.745,5.7));
#4282=CARTESIAN_POINT('',(235.595,-126.745,5.7));
#4283=CARTESIAN_POINT('Origin',(235.095,-126.745,5.7));
#4284=CARTESIAN_POINT('',(235.095,-126.245,5.7));
#4285=CARTESIAN_POINT('Origin',(222.095,-126.245,5.7));
#4286=CARTESIAN_POINT('',(222.095,-126.245,5.7));
#4287=CARTESIAN_POINT('Origin',(222.095,-126.745,5.7));
#4288=CARTESIAN_POINT('Origin',(240.645,-101.645,5.7));
#4289=CARTESIAN_POINT('',(240.645,-88.645,5.7));
#4290=CARTESIAN_POINT('',(240.645,-101.645,5.7));
#4291=CARTESIAN_POINT('Origin',(241.145,-101.645,5.7));
#4292=CARTESIAN_POINT('',(241.145,-102.145,5.7));
#4293=CARTESIAN_POINT('Origin',(254.145,-102.145,5.7));
#4294=CARTESIAN_POINT('',(254.145,-102.145,5.7));
#4295=CARTESIAN_POINT('Origin',(254.145,-101.645,5.7));
#4296=CARTESIAN_POINT('',(254.645,-101.645,5.7));
#4297=CARTESIAN_POINT('Origin',(254.645,-88.645,5.7));
#4298=CARTESIAN_POINT('',(254.645,-88.645,5.7));
#4299=CARTESIAN_POINT('Origin',(254.145,-88.645,5.7));
#4300=CARTESIAN_POINT('',(254.145,-88.145,5.7));
#4301=CARTESIAN_POINT('Origin',(241.145,-88.145,5.7));
#4302=CARTESIAN_POINT('',(241.145,-88.145,5.7));
#4303=CARTESIAN_POINT('Origin',(241.145,-88.645,5.7));
#4304=CARTESIAN_POINT('Origin',(202.545,-120.695,5.7));
#4305=CARTESIAN_POINT('',(202.545,-107.695,5.7));
#4306=CARTESIAN_POINT('',(202.545,-120.695,5.7));
#4307=CARTESIAN_POINT('Origin',(203.045,-120.695,5.7));
#4308=CARTESIAN_POINT('',(203.045,-121.195,5.7));
#4309=CARTESIAN_POINT('Origin',(216.045,-121.195,5.7));
#4310=CARTESIAN_POINT('',(216.045,-121.195,5.7));
#4311=CARTESIAN_POINT('Origin',(216.045,-120.695,5.7));
#4312=CARTESIAN_POINT('',(216.545,-120.695,5.7));
#4313=CARTESIAN_POINT('Origin',(216.545,-107.695,5.7));
#4314=CARTESIAN_POINT('',(216.545,-107.695,5.7));
#4315=CARTESIAN_POINT('Origin',(216.045,-107.695,5.7));
#4316=CARTESIAN_POINT('',(216.045,-107.195,5.7));
#4317=CARTESIAN_POINT('Origin',(203.045,-107.195,5.7));
#4318=CARTESIAN_POINT('',(203.045,-107.195,5.7));
#4319=CARTESIAN_POINT('Origin',(203.045,-107.695,5.7));
#4320=CARTESIAN_POINT('Origin',(183.495,-101.645,5.7));
#4321=CARTESIAN_POINT('',(183.495,-88.645,5.7));
#4322=CARTESIAN_POINT('',(183.495,-101.645,5.7));
#4323=CARTESIAN_POINT('Origin',(183.995,-101.645,5.7));
#4324=CARTESIAN_POINT('',(183.995,-102.145,5.7));
#4325=CARTESIAN_POINT('Origin',(196.995,-102.145,5.7));
#4326=CARTESIAN_POINT('',(196.995,-102.145,5.7));
#4327=CARTESIAN_POINT('Origin',(196.995,-101.645,5.7));
#4328=CARTESIAN_POINT('',(197.495,-101.645,5.7));
#4329=CARTESIAN_POINT('Origin',(197.495,-88.645,5.7));
#4330=CARTESIAN_POINT('',(197.495,-88.645,5.7));
#4331=CARTESIAN_POINT('Origin',(196.995,-88.645,5.7));
#4332=CARTESIAN_POINT('',(196.995,-88.145,5.7));
#4333=CARTESIAN_POINT('Origin',(183.995,-88.145,5.7));
#4334=CARTESIAN_POINT('',(183.995,-88.145,5.7));
#4335=CARTESIAN_POINT('Origin',(183.995,-88.645,5.7));
#4336=CARTESIAN_POINT('Origin',(202.545,-101.645,5.7));
#4337=CARTESIAN_POINT('',(202.545,-88.645,5.7));
#4338=CARTESIAN_POINT('',(202.545,-101.645,5.7));
#4339=CARTESIAN_POINT('Origin',(203.045,-101.645,5.7));
#4340=CARTESIAN_POINT('',(203.045,-102.145,5.7));
#4341=CARTESIAN_POINT('Origin',(216.045,-102.145,5.7));
#4342=CARTESIAN_POINT('',(216.045,-102.145,5.7));
#4343=CARTESIAN_POINT('Origin',(216.045,-101.645,5.7));
#4344=CARTESIAN_POINT('',(216.545,-101.645,5.7));
#4345=CARTESIAN_POINT('Origin',(216.545,-88.645,5.7));
#4346=CARTESIAN_POINT('',(216.545,-88.645,5.7));
#4347=CARTESIAN_POINT('Origin',(216.045,-88.645,5.7));
#4348=CARTESIAN_POINT('',(216.045,-88.145,5.7));
#4349=CARTESIAN_POINT('Origin',(203.045,-88.145,5.7));
#4350=CARTESIAN_POINT('',(203.045,-88.145,5.7));
#4351=CARTESIAN_POINT('Origin',(203.045,-88.645,5.7));
#4352=CARTESIAN_POINT('Origin',(240.645,-139.745,5.7));
#4353=CARTESIAN_POINT('',(240.645,-126.745,5.7));
#4354=CARTESIAN_POINT('',(240.645,-139.745,5.7));
#4355=CARTESIAN_POINT('Origin',(241.145,-139.745,5.7));
#4356=CARTESIAN_POINT('',(241.145,-140.245,5.7));
#4357=CARTESIAN_POINT('Origin',(254.145,-140.245,5.7));
#4358=CARTESIAN_POINT('',(254.145,-140.245,5.7));
#4359=CARTESIAN_POINT('Origin',(254.145,-139.745,5.7));
#4360=CARTESIAN_POINT('',(254.645,-139.745,5.7));
#4361=CARTESIAN_POINT('Origin',(254.645,-126.745,5.7));
#4362=CARTESIAN_POINT('',(254.645,-126.745,5.7));
#4363=CARTESIAN_POINT('Origin',(254.145,-126.745,5.7));
#4364=CARTESIAN_POINT('',(254.145,-126.245,5.7));
#4365=CARTESIAN_POINT('Origin',(241.145,-126.245,5.7));
#4366=CARTESIAN_POINT('',(241.145,-126.245,5.7));
#4367=CARTESIAN_POINT('Origin',(241.145,-126.745,5.7));
#4368=CARTESIAN_POINT('Origin',(262.870012485655,-151.275007185177,5.7));
#4369=CARTESIAN_POINT('',(261.170012485655,-151.275007185177,5.7));
#4370=CARTESIAN_POINT('Origin',(262.870012485655,-58.5700027819257,5.7));
#4371=CARTESIAN_POINT('',(261.170012485655,-58.5700027819257,5.7));
#4372=CARTESIAN_POINT('Origin',(253.300012031104,-71.4700033946428,5.7));
#4373=CARTESIAN_POINT('',(253.300012031104,-83.9200039859861,5.7));
#4374=CARTESIAN_POINT('',(253.300012031104,-71.4700033946428,5.7));
#4375=CARTESIAN_POINT('Origin',(214.850010204827,-71.4700033946428,5.7));
#4376=CARTESIAN_POINT('',(214.850010204827,-71.4700033946428,5.72));
#4377=CARTESIAN_POINT('Origin',(253.300012031104,-83.9200039859861,5.7));
#4378=CARTESIAN_POINT('',(248.950011824491,-83.9200039859861,5.72));
#4379=CARTESIAN_POINT('Origin',(221.595,-101.645,5.7));
#4380=CARTESIAN_POINT('',(221.595,-88.645,5.7));
#4381=CARTESIAN_POINT('',(221.595,-101.645,5.7));
#4382=CARTESIAN_POINT('Origin',(222.095,-101.645,5.7));
#4383=CARTESIAN_POINT('',(222.095,-102.145,5.7));
#4384=CARTESIAN_POINT('Origin',(235.095,-102.145,5.7));
#4385=CARTESIAN_POINT('',(235.095,-102.145,5.7));
#4386=CARTESIAN_POINT('Origin',(235.095,-101.645,5.7));
#4387=CARTESIAN_POINT('',(235.595,-101.645,5.7));
#4388=CARTESIAN_POINT('Origin',(235.595,-88.645,5.7));
#4389=CARTESIAN_POINT('',(235.595,-88.645,5.7));
#4390=CARTESIAN_POINT('Origin',(235.095,-88.645,5.7));
#4391=CARTESIAN_POINT('',(235.095,-88.145,5.7));
#4392=CARTESIAN_POINT('Origin',(222.095,-88.145,5.7));
#4393=CARTESIAN_POINT('',(222.095,-88.145,5.7));
#4394=CARTESIAN_POINT('Origin',(222.095,-88.645,5.7));
#4395=CARTESIAN_POINT('Origin',(183.495,-120.695,5.7));
#4396=CARTESIAN_POINT('',(183.495,-107.695,5.7));
#4397=CARTESIAN_POINT('',(183.495,-120.695,5.7));
#4398=CARTESIAN_POINT('Origin',(183.995,-120.695,5.7));
#4399=CARTESIAN_POINT('',(183.995,-121.195,5.7));
#4400=CARTESIAN_POINT('Origin',(196.995,-121.195,5.7));
#4401=CARTESIAN_POINT('',(196.995,-121.195,5.7));
#4402=CARTESIAN_POINT('Origin',(196.995,-120.695,5.7));
#4403=CARTESIAN_POINT('',(197.495,-120.695,5.7));
#4404=CARTESIAN_POINT('Origin',(197.495,-107.695,5.7));
#4405=CARTESIAN_POINT('',(197.495,-107.695,5.7));
#4406=CARTESIAN_POINT('Origin',(196.995,-107.695,5.7));
#4407=CARTESIAN_POINT('',(196.995,-107.195,5.7));
#4408=CARTESIAN_POINT('Origin',(183.995,-107.195,5.7));
#4409=CARTESIAN_POINT('',(183.995,-107.195,5.7));
#4410=CARTESIAN_POINT('Origin',(183.995,-107.695,5.7));
#4411=CARTESIAN_POINT('Origin',(183.495,-139.745,5.7));
#4412=CARTESIAN_POINT('',(183.495,-126.745,5.7));
#4413=CARTESIAN_POINT('',(183.495,-139.745,5.7));
#4414=CARTESIAN_POINT('Origin',(183.995,-139.745,5.7));
#4415=CARTESIAN_POINT('',(183.995,-140.245,5.7));
#4416=CARTESIAN_POINT('Origin',(196.995,-140.245,5.7));
#4417=CARTESIAN_POINT('',(196.995,-140.245,5.7));
#4418=CARTESIAN_POINT('Origin',(196.995,-139.745,5.7));
#4419=CARTESIAN_POINT('',(197.495,-139.745,5.7));
#4420=CARTESIAN_POINT('Origin',(197.495,-126.745,5.7));
#4421=CARTESIAN_POINT('',(197.495,-126.745,5.7));
#4422=CARTESIAN_POINT('Origin',(196.995,-126.745,5.7));
#4423=CARTESIAN_POINT('',(196.995,-126.245,5.7));
#4424=CARTESIAN_POINT('Origin',(183.995,-126.245,5.7));
#4425=CARTESIAN_POINT('',(183.995,-126.245,5.7));
#4426=CARTESIAN_POINT('Origin',(183.995,-126.745,5.7));
#4427=CARTESIAN_POINT('Origin',(175.280008325353,-151.275007185177,5.7));
#4428=CARTESIAN_POINT('',(173.580008325353,-151.275007185177,5.7));
#4429=CARTESIAN_POINT('Origin',(202.545,-139.745,5.7));
#4430=CARTESIAN_POINT('',(202.545,-126.745,5.7));
#4431=CARTESIAN_POINT('',(202.545,-139.745,5.7));
#4432=CARTESIAN_POINT('Origin',(203.045,-139.745,5.7));
#4433=CARTESIAN_POINT('',(203.045,-140.245,5.7));
#4434=CARTESIAN_POINT('Origin',(216.045,-140.245,5.7));
#4435=CARTESIAN_POINT('',(216.045,-140.245,5.7));
#4436=CARTESIAN_POINT('Origin',(216.045,-139.745,5.7));
#4437=CARTESIAN_POINT('',(216.545,-139.745,5.7));
#4438=CARTESIAN_POINT('Origin',(216.545,-126.745,5.7));
#4439=CARTESIAN_POINT('',(216.545,-126.745,5.7));
#4440=CARTESIAN_POINT('Origin',(216.045,-126.745,5.7));
#4441=CARTESIAN_POINT('',(216.045,-126.245,5.7));
#4442=CARTESIAN_POINT('Origin',(203.045,-126.245,5.7));
#4443=CARTESIAN_POINT('',(203.045,-126.245,5.7));
#4444=CARTESIAN_POINT('Origin',(203.045,-126.745,5.7));
#4445=CARTESIAN_POINT('Origin',(221.595,-120.695,5.7));
#4446=CARTESIAN_POINT('',(221.595,-107.695,5.7));
#4447=CARTESIAN_POINT('',(221.595,-120.695,5.7));
#4448=CARTESIAN_POINT('Origin',(222.095,-120.695,5.7));
#4449=CARTESIAN_POINT('',(222.095,-121.195,5.7));
#4450=CARTESIAN_POINT('Origin',(235.095,-121.195,5.7));
#4451=CARTESIAN_POINT('',(235.095,-121.195,5.7));
#4452=CARTESIAN_POINT('Origin',(235.095,-120.695,5.7));
#4453=CARTESIAN_POINT('',(235.595,-120.695,5.7));
#4454=CARTESIAN_POINT('Origin',(235.595,-107.695,5.7));
#4455=CARTESIAN_POINT('',(235.595,-107.695,5.7));
#4456=CARTESIAN_POINT('Origin',(235.095,-107.695,5.7));
#4457=CARTESIAN_POINT('',(235.095,-107.195,5.7));
#4458=CARTESIAN_POINT('Origin',(222.095,-107.195,5.7));
#4459=CARTESIAN_POINT('',(222.095,-107.195,5.7));
#4460=CARTESIAN_POINT('Origin',(222.095,-107.695,5.7));
#4461=CARTESIAN_POINT('Origin',(175.280008325353,-58.5700027819257,5.7));
#4462=CARTESIAN_POINT('',(173.580008325353,-58.5700027819257,5.7));
#4463=CARTESIAN_POINT('Origin',(267.870012723142,-156.275007422664,5.7));
#4464=CARTESIAN_POINT('Origin',(248.950011824491,-71.4700033946428,5.72));
#4465=CARTESIAN_POINT('Origin',(231.900011014659,-77.6950036903145,5.72));
#4466=UNCERTAINTY_MEASURE_WITH_UNIT(LENGTH_MEASURE(0.01),#4470,
'DISTANCE_ACCURACY_VALUE',
'Maximum model space distance between geometric entities at asserted c
onnectivities');
#4467=UNCERTAINTY_MEASURE_WITH_UNIT(LENGTH_MEASURE(0.01),#4470,
'DISTANCE_ACCURACY_VALUE',
'Maximum model space distance between geometric entities at asserted c
onnectivities');
#4468=(
GEOMETRIC_REPRESENTATION_CONTEXT(3)
GLOBAL_UNCERTAINTY_ASSIGNED_CONTEXT((#4466))
GLOBAL_UNIT_ASSIGNED_CONTEXT((#4470,#4472,#4473))
REPRESENTATION_CONTEXT('','3D')
);
#4469=(
GEOMETRIC_REPRESENTATION_CONTEXT(3)
GLOBAL_UNCERTAINTY_ASSIGNED_CONTEXT((#4467))
GLOBAL_UNIT_ASSIGNED_CONTEXT((#4470,#4472,#4473))
REPRESENTATION_CONTEXT('','3D')
);
#4470=(
LENGTH_UNIT()
NAMED_UNIT(*)
SI_UNIT(.MILLI.,.METRE.)
);
#4471=(
LENGTH_UNIT()
NAMED_UNIT(*)
SI_UNIT($,.METRE.)
);
#4472=(
NAMED_UNIT(*)
PLANE_ANGLE_UNIT()
SI_UNIT($,.RADIAN.)
);
#4473=(
NAMED_UNIT(*)
SI_UNIT($,.STERADIAN.)
SOLID_ANGLE_UNIT()
);
#4474=SHAPE_DEFINITION_REPRESENTATION(#4475,#4476);
#4475=PRODUCT_DEFINITION_SHAPE('',$,#4478);
#4476=SHAPE_REPRESENTATION('',(#2654),#4468);
#4477=PRODUCT_DEFINITION_CONTEXT('part definition',#4482,'design');
#4478=PRODUCT_DEFINITION('2026-06-09-19-00-10-842','FusionComponent',#4479,
#4477);
#4479=PRODUCT_DEFINITION_FORMATION('',$,#4484);
#4480=PRODUCT_RELATED_PRODUCT_CATEGORY('FusionComponent',
'FusionComponent',(#4484));
#4481=APPLICATION_PROTOCOL_DEFINITION('international standard',
'automotive_design',2009,#4482);
#4482=APPLICATION_CONTEXT(
'Core Data for Automotive Mechanical Design Process');
#4483=PRODUCT_CONTEXT('part definition',#4482,'mechanical');
#4484=PRODUCT('2026-06-09-19-00-10-842','FusionComponent',$,(#4483));
#4485=PRESENTATION_STYLE_ASSIGNMENT((#4486));
#4486=SURFACE_STYLE_USAGE(.BOTH.,#4487);
#4487=SURFACE_SIDE_STYLE('',(#4488));
#4488=SURFACE_STYLE_FILL_AREA(#4489);
#4489=FILL_AREA_STYLE('Steel - Satin',(#4490));
#4490=FILL_AREA_STYLE_COLOUR('Steel - Satin',#4491);
#4491=COLOUR_RGB('Steel - Satin',0.627450980392157,0.627450980392157,0.627450980392157);
ENDSEC;
END-ISO-10303-21;
